가입일자,사용자코드,연령대코드,성별,가입 수,,
2021-02-01,USR_001,AGE_001,F,73,360903,44796
2021-02-01,USR_001,AGE_001,M,61,,
2021-02-01,USR_001,AGE_002,F,150,,
2021-02-01,USR_001,AGE_002,M,149,,
2021-02-01,USR_001,AGE_003,F,62,,
2021-02-01,USR_001,AGE_003,M,63,,
2021-02-01,USR_001,AGE_004,F,34,,
2021-02-01,USR_001,AGE_004,M,58,,
2021-02-01,USR_001,AGE_005,F,23,,
2021-02-01,USR_001,AGE_005,M,34,,
2021-02-01,USR_001,AGE_006,F,5,,
2021-02-01,USR_001,AGE_006,M,13,,
2021-02-01,USR_001,AGE_007,M,3,,
2021-02-01,USR_001,AGE_008,F,1,,
2021-02-01,USR_001,AGE_008,M,3,,
2021-02-02,USR_001,AGE_001,F,49,,
2021-02-02,USR_001,AGE_001,M,51,,
2021-02-02,USR_001,AGE_002,F,75,,
2021-02-02,USR_001,AGE_002,M,92,,
2021-02-02,USR_001,AGE_003,F,30,,
2021-02-02,USR_001,AGE_003,M,42,,
2021-02-02,USR_001,AGE_004,F,23,,
2021-02-02,USR_001,AGE_004,M,44,,
2021-02-02,USR_001,AGE_005,F,10,,
2021-02-02,USR_001,AGE_005,M,25,,
2021-02-02,USR_001,AGE_006,F,2,,
2021-02-02,USR_001,AGE_006,M,10,,
2021-02-02,USR_001,AGE_007,M,6,,
2021-02-02,USR_001,AGE_008,F,3,,
2021-02-02,USR_001,AGE_008,M,1,,
2021-02-03,USR_001,AGE_001,F,41,,
2021-02-03,USR_001,AGE_001,M,33,,
2021-02-03,USR_001,AGE_002,F,66,,
2021-02-03,USR_001,AGE_002,M,77,,
2021-02-03,USR_001,AGE_003,F,41,,
2021-02-03,USR_001,AGE_003,M,42,,
2021-02-03,USR_001,AGE_004,F,33,,
2021-02-03,USR_001,AGE_004,M,26,,
2021-02-03,USR_001,AGE_005,F,22,,
2021-02-03,USR_001,AGE_005,M,18,,
2021-02-03,USR_001,AGE_006,F,1,,
2021-02-03,USR_001,AGE_006,M,7,,
2021-02-04,USR_001,AGE_001,F,29,,
2021-02-04,USR_001,AGE_001,M,35,,
2021-02-04,USR_001,AGE_002,F,57,,
2021-02-04,USR_001,AGE_002,M,58,,
2021-02-04,USR_001,AGE_003,F,29,,
2021-02-04,USR_001,AGE_003,M,32,,
2021-02-04,USR_001,AGE_004,F,18,,
2021-02-04,USR_001,AGE_004,M,23,,
2021-02-04,USR_001,AGE_005,F,4,,
2021-02-04,USR_001,AGE_005,M,15,,
2021-02-04,USR_001,AGE_006,F,1,,
2021-02-04,USR_001,AGE_006,M,8,,
2021-02-04,USR_001,AGE_007,M,5,,
2021-02-04,USR_001,AGE_008,M,2,,
2021-02-05,USR_001,AGE_001,F,54,,
2021-02-05,USR_001,AGE_001,M,68,,
2021-02-05,USR_001,AGE_002,F,112,,
2021-02-05,USR_001,AGE_002,M,117,,
2021-02-05,USR_001,AGE_003,F,46,,
2021-02-05,USR_001,AGE_003,M,61,,
2021-02-05,USR_001,AGE_004,F,30,,
2021-02-05,USR_001,AGE_004,M,31,,
2021-02-05,USR_001,AGE_005,F,17,,
2021-02-05,USR_001,AGE_005,M,23,,
2021-02-05,USR_001,AGE_006,F,3,,
2021-02-05,USR_001,AGE_006,M,7,,
2021-02-05,USR_001,AGE_007,M,1,,
2021-02-05,USR_001,AGE_008,M,6,,
2021-02-06,USR_001,AGE_001,F,100,,
2021-02-06,USR_001,AGE_001,M,116,,
2021-02-06,USR_001,AGE_002,F,307,,
2021-02-06,USR_001,AGE_002,M,290,,
2021-02-06,USR_001,AGE_003,F,116,,
2021-02-06,USR_001,AGE_003,M,137,,
2021-02-06,USR_001,AGE_004,F,98,,
2021-02-06,USR_001,AGE_004,M,100,,
2021-02-06,USR_001,AGE_005,F,42,,
2021-02-06,USR_001,AGE_005,M,58,,
2021-02-06,USR_001,AGE_006,F,10,,
2021-02-06,USR_001,AGE_006,M,18,,
2021-02-06,USR_001,AGE_008,F,1,,
2021-02-07,USR_001,AGE_001,F,136,,
2021-02-07,USR_001,AGE_001,M,108,,
2021-02-07,USR_001,AGE_002,F,237,,
2021-02-07,USR_001,AGE_002,M,248,,
2021-02-07,USR_001,AGE_003,F,111,,
2021-02-07,USR_001,AGE_003,M,152,,
2021-02-07,USR_001,AGE_004,F,97,,
2021-02-07,USR_001,AGE_004,M,115,,
2021-02-07,USR_001,AGE_005,F,42,,
2021-02-07,USR_001,AGE_005,M,56,,
2021-02-07,USR_001,AGE_006,F,6,,
2021-02-07,USR_001,AGE_006,M,26,,
2021-02-07,USR_001,AGE_007,F,1,,
2021-02-07,USR_001,AGE_007,M,3,,
2021-02-07,USR_001,AGE_008,M,1,,
2021-02-08,USR_001,AGE_001,F,59,,
2021-02-08,USR_001,AGE_001,M,49,,
2021-02-08,USR_001,AGE_002,F,91,,
2021-02-08,USR_001,AGE_002,M,93,,
2021-02-08,USR_001,AGE_003,F,44,,
2021-02-08,USR_001,AGE_003,M,61,,
2021-02-08,USR_001,AGE_004,F,33,,
2021-02-08,USR_001,AGE_004,M,36,,
2021-02-08,USR_001,AGE_005,F,14,,
2021-02-08,USR_001,AGE_005,M,31,,
2021-02-08,USR_001,AGE_006,F,4,,
2021-02-08,USR_001,AGE_006,M,9,,
2021-02-08,USR_001,AGE_008,F,15,,
2021-02-08,USR_001,AGE_008,M,10,,
2021-02-09,USR_001,AGE_001,F,80,,
2021-02-09,USR_001,AGE_001,M,63,,
2021-02-09,USR_001,AGE_002,F,136,,
2021-02-09,USR_001,AGE_002,M,148,,
2021-02-09,USR_001,AGE_003,F,50,,
2021-02-09,USR_001,AGE_003,M,49,,
2021-02-09,USR_001,AGE_004,F,41,,
2021-02-09,USR_001,AGE_004,M,45,,
2021-02-09,USR_001,AGE_005,F,24,,
2021-02-09,USR_001,AGE_005,M,27,,
2021-02-09,USR_001,AGE_006,F,4,,
2021-02-09,USR_001,AGE_006,M,11,,
2021-02-09,USR_001,AGE_007,F,1,,
2021-02-09,USR_001,AGE_008,F,27,,
2021-02-09,USR_001,AGE_008,M,25,,
2021-02-10,USR_001,AGE_001,F,77,,
2021-02-10,USR_001,AGE_001,M,68,,
2021-02-10,USR_001,AGE_002,F,167,,
2021-02-10,USR_001,AGE_002,M,191,,
2021-02-10,USR_001,AGE_003,F,72,,
2021-02-10,USR_001,AGE_003,M,75,,
2021-02-10,USR_001,AGE_004,F,42,,
2021-02-10,USR_001,AGE_004,M,61,,
2021-02-10,USR_001,AGE_005,F,20,,
2021-02-10,USR_001,AGE_005,M,32,,
2021-02-10,USR_001,AGE_006,F,5,,
2021-02-10,USR_001,AGE_006,M,11,,
2021-02-10,USR_001,AGE_007,F,1,,
2021-02-10,USR_001,AGE_007,M,5,,
2021-02-10,USR_001,AGE_008,F,21,,
2021-02-10,USR_001,AGE_008,M,22,,
2021-02-11,USR_001,AGE_001,F,145,,
2021-02-11,USR_001,AGE_001,M,158,,
2021-02-11,USR_001,AGE_002,F,304,,
2021-02-11,USR_001,AGE_002,M,296,,
2021-02-11,USR_001,AGE_003,F,151,,
2021-02-11,USR_001,AGE_003,M,147,,
2021-02-11,USR_001,AGE_004,F,144,,
2021-02-11,USR_001,AGE_004,M,132,,
2021-02-11,USR_001,AGE_005,F,65,,
2021-02-11,USR_001,AGE_005,M,90,,
2021-02-11,USR_001,AGE_006,F,12,,
2021-02-11,USR_001,AGE_006,M,30,,
2021-02-11,USR_001,AGE_007,F,2,,
2021-02-11,USR_001,AGE_007,M,7,,
2021-02-11,USR_001,AGE_008,F,18,,
2021-02-11,USR_001,AGE_008,M,22,,
2021-02-12,USR_001,AGE_001,F,202,,
2021-02-12,USR_001,AGE_001,M,197,,
2021-02-12,USR_001,AGE_002,F,468,,
2021-02-12,USR_001,AGE_002,M,401,,
2021-02-12,USR_001,AGE_003,F,204,,
2021-02-12,USR_001,AGE_003,M,271,,
2021-02-12,USR_001,AGE_004,F,238,,
2021-02-12,USR_001,AGE_004,M,250,,
2021-02-12,USR_001,AGE_005,F,174,,
2021-02-12,USR_001,AGE_005,M,145,,
2021-02-12,USR_001,AGE_006,F,40,,
2021-02-12,USR_001,AGE_006,M,57,,
2021-02-12,USR_001,AGE_007,F,3,,
2021-02-12,USR_001,AGE_007,M,16,,
2021-02-12,USR_001,AGE_008,F,14,,
2021-02-12,USR_001,AGE_008,M,29,,
2021-02-13,USR_001,AGE_001,F,269,,
2021-02-13,USR_001,AGE_001,M,244,,
2021-02-13,USR_001,AGE_002,F,664,,
2021-02-13,USR_001,AGE_002,M,560,,
2021-02-13,USR_001,AGE_003,F,284,,
2021-02-13,USR_001,AGE_003,M,335,,
2021-02-13,USR_001,AGE_004,F,285,,
2021-02-13,USR_001,AGE_004,M,270,,
2021-02-13,USR_001,AGE_005,F,149,,
2021-02-13,USR_001,AGE_005,M,155,,
2021-02-13,USR_001,AGE_006,F,45,,
2021-02-13,USR_001,AGE_006,M,39,,
2021-02-13,USR_001,AGE_007,F,6,,
2021-02-13,USR_001,AGE_007,M,6,,
2021-02-13,USR_001,AGE_008,F,24,,
2021-02-13,USR_001,AGE_008,M,31,,
2021-02-14,USR_001,AGE_001,F,180,,
2021-02-14,USR_001,AGE_001,M,191,,
2021-02-14,USR_001,AGE_002,F,404,,
2021-02-14,USR_001,AGE_002,M,448,,
2021-02-14,USR_001,AGE_003,F,184,,
2021-02-14,USR_001,AGE_003,M,202,,
2021-02-14,USR_001,AGE_004,F,159,,
2021-02-14,USR_001,AGE_004,M,189,,
2021-02-14,USR_001,AGE_005,F,84,,
2021-02-14,USR_001,AGE_005,M,106,,
2021-02-14,USR_001,AGE_006,F,13,,
2021-02-14,USR_001,AGE_006,M,48,,
2021-02-14,USR_001,AGE_007,F,2,,
2021-02-14,USR_001,AGE_007,M,3,,
2021-02-14,USR_001,AGE_008,F,21,,
2021-02-14,USR_001,AGE_008,M,36,,
2021-02-15,USR_001,AGE_001,F,76,,
2021-02-15,USR_001,AGE_001,M,65,,
2021-02-15,USR_001,AGE_002,F,114,,
2021-02-15,USR_001,AGE_002,M,123,,
2021-02-15,USR_001,AGE_003,F,38,,
2021-02-15,USR_001,AGE_003,M,70,,
2021-02-15,USR_001,AGE_004,F,39,,
2021-02-15,USR_001,AGE_004,M,48,,
2021-02-15,USR_001,AGE_005,F,20,,
2021-02-15,USR_001,AGE_005,M,23,,
2021-02-15,USR_001,AGE_006,F,3,,
2021-02-15,USR_001,AGE_006,M,6,,
2021-02-15,USR_001,AGE_007,F,2,,
2021-02-15,USR_001,AGE_007,M,1,,
2021-02-15,USR_001,AGE_008,F,19,,
2021-02-15,USR_001,AGE_008,M,27,,
2021-02-16,USR_001,AGE_001,F,33,,
2021-02-16,USR_001,AGE_001,M,31,,
2021-02-16,USR_001,AGE_002,F,49,,
2021-02-16,USR_001,AGE_002,M,56,,
2021-02-16,USR_001,AGE_003,F,27,,
2021-02-16,USR_001,AGE_003,M,33,,
2021-02-16,USR_001,AGE_004,F,25,,
2021-02-16,USR_001,AGE_004,M,22,,
2021-02-16,USR_001,AGE_005,F,17,,
2021-02-16,USR_001,AGE_005,M,18,,
2021-02-16,USR_001,AGE_006,F,3,,
2021-02-16,USR_001,AGE_006,M,7,,
2021-02-16,USR_001,AGE_007,M,2,,
2021-02-16,USR_001,AGE_008,F,15,,
2021-02-16,USR_001,AGE_008,M,24,,
2021-02-17,USR_001,AGE_001,F,26,,
2021-02-17,USR_001,AGE_001,M,32,,
2021-02-17,USR_001,AGE_002,F,43,,
2021-02-17,USR_001,AGE_002,M,39,,
2021-02-17,USR_001,AGE_003,F,23,,
2021-02-17,USR_001,AGE_003,M,25,,
2021-02-17,USR_001,AGE_004,F,27,,
2021-02-17,USR_001,AGE_004,M,19,,
2021-02-17,USR_001,AGE_005,F,7,,
2021-02-17,USR_001,AGE_005,M,18,,
2021-02-17,USR_001,AGE_006,M,5,,
2021-02-17,USR_001,AGE_007,F,1,,
2021-02-17,USR_001,AGE_008,F,23,,
2021-02-17,USR_001,AGE_008,M,14,,
2021-02-18,USR_001,AGE_001,F,39,,
2021-02-18,USR_001,AGE_001,M,44,,
2021-02-18,USR_001,AGE_002,F,73,,
2021-02-18,USR_001,AGE_002,M,66,,
2021-02-18,USR_001,AGE_003,F,36,,
2021-02-18,USR_001,AGE_003,M,38,,
2021-02-18,USR_001,AGE_004,F,29,,
2021-02-18,USR_001,AGE_004,M,38,,
2021-02-18,USR_001,AGE_005,F,13,,
2021-02-18,USR_001,AGE_005,M,17,,
2021-02-18,USR_001,AGE_006,F,6,,
2021-02-18,USR_001,AGE_006,M,9,,
2021-02-18,USR_001,AGE_008,F,28,,
2021-02-18,USR_001,AGE_008,M,14,,
2021-02-19,USR_001,AGE_001,F,90,,
2021-02-19,USR_001,AGE_001,M,80,,
2021-02-19,USR_001,AGE_002,F,244,,
2021-02-19,USR_001,AGE_002,M,213,,
2021-02-19,USR_001,AGE_003,F,74,,
2021-02-19,USR_001,AGE_003,M,94,,
2021-02-19,USR_001,AGE_004,F,46,,
2021-02-19,USR_001,AGE_004,M,49,,
2021-02-19,USR_001,AGE_005,F,26,,
2021-02-19,USR_001,AGE_005,M,25,,
2021-02-19,USR_001,AGE_006,F,4,,
2021-02-19,USR_001,AGE_006,M,5,,
2021-02-19,USR_001,AGE_007,F,1,,
2021-02-19,USR_001,AGE_008,F,22,,
2021-02-19,USR_001,AGE_008,M,23,,
2021-02-20,USR_001,AGE_001,F,277,,
2021-02-20,USR_001,AGE_001,M,232,,
2021-02-20,USR_001,AGE_002,F,776,,
2021-02-20,USR_001,AGE_002,M,629,,
2021-02-20,USR_001,AGE_003,F,283,,
2021-02-20,USR_001,AGE_003,M,304,,
2021-02-20,USR_001,AGE_004,F,202,,
2021-02-20,USR_001,AGE_004,M,169,,
2021-02-20,USR_001,AGE_005,F,71,,
2021-02-20,USR_001,AGE_005,M,98,,
2021-02-20,USR_001,AGE_006,F,17,,
2021-02-20,USR_001,AGE_006,M,21,,
2021-02-20,USR_001,AGE_007,F,4,,
2021-02-20,USR_001,AGE_007,M,3,,
2021-02-20,USR_001,AGE_008,F,31,,
2021-02-20,USR_001,AGE_008,M,25,,
2021-02-21,USR_001,AGE_001,F,437,,
2021-02-21,USR_001,AGE_001,M,336,,
2021-02-21,USR_001,AGE_002,F,1117,,
2021-02-21,USR_001,AGE_002,M,938,,
2021-02-21,USR_001,AGE_003,F,407,,
2021-02-21,USR_001,AGE_003,M,460,,
2021-02-21,USR_001,AGE_004,F,328,,
2021-02-21,USR_001,AGE_004,M,311,,
2021-02-21,USR_001,AGE_005,F,147,,
2021-02-21,USR_001,AGE_005,M,127,,
2021-02-21,USR_001,AGE_006,F,35,,
2021-02-21,USR_001,AGE_006,M,37,,
2021-02-21,USR_001,AGE_007,F,5,,
2021-02-21,USR_001,AGE_007,M,8,,
2021-02-21,USR_001,AGE_008,F,27,,
2021-02-21,USR_001,AGE_008,M,43,,
2021-02-22,USR_001,AGE_001,F,160,,
2021-02-22,USR_001,AGE_001,M,108,,
2021-02-22,USR_001,AGE_002,F,390,,
2021-02-22,USR_001,AGE_002,M,340,,
2021-02-22,USR_001,AGE_003,F,118,,
2021-02-22,USR_001,AGE_003,M,121,,
2021-02-22,USR_001,AGE_004,F,88,,
2021-02-22,USR_001,AGE_004,M,86,,
2021-02-22,USR_001,AGE_005,F,52,,
2021-02-22,USR_001,AGE_005,M,42,,
2021-02-22,USR_001,AGE_006,F,10,,
2021-02-22,USR_001,AGE_006,M,18,,
2021-02-22,USR_001,AGE_007,F,2,,
2021-02-22,USR_001,AGE_007,M,5,,
2021-02-22,USR_001,AGE_008,F,30,,
2021-02-22,USR_001,AGE_008,M,29,,
2021-02-23,USR_001,AGE_001,F,103,,
2021-02-23,USR_001,AGE_001,M,88,,
2021-02-23,USR_001,AGE_002,F,197,,
2021-02-23,USR_001,AGE_002,M,185,,
2021-02-23,USR_001,AGE_003,F,69,,
2021-02-23,USR_001,AGE_003,M,71,,
2021-02-23,USR_001,AGE_004,F,66,,
2021-02-23,USR_001,AGE_004,M,46,,
2021-02-23,USR_001,AGE_005,F,43,,
2021-02-23,USR_001,AGE_005,M,31,,
2021-02-23,USR_001,AGE_006,F,6,,
2021-02-23,USR_001,AGE_006,M,13,,
2021-02-23,USR_001,AGE_007,F,1,,
2021-02-23,USR_001,AGE_007,M,2,,
2021-02-23,USR_001,AGE_008,F,20,,
2021-02-23,USR_001,AGE_008,M,23,,
2021-02-24,USR_001,AGE_001,F,165,,
2021-02-24,USR_001,AGE_001,M,135,,
2021-02-24,USR_001,AGE_002,F,309,,
2021-02-24,USR_001,AGE_002,M,267,,
2021-02-24,USR_001,AGE_003,F,100,,
2021-02-24,USR_001,AGE_003,M,86,,
2021-02-24,USR_001,AGE_004,F,73,,
2021-02-24,USR_001,AGE_004,M,69,,
2021-02-24,USR_001,AGE_005,F,55,,
2021-02-24,USR_001,AGE_005,M,35,,
2021-02-24,USR_001,AGE_006,F,10,,
2021-02-24,USR_001,AGE_006,M,20,,
2021-02-24,USR_001,AGE_007,F,1,,
2021-02-24,USR_001,AGE_007,M,3,,
2021-02-24,USR_001,AGE_008,F,32,,
2021-02-24,USR_001,AGE_008,M,22,,
2021-02-25,USR_001,AGE_001,F,146,,
2021-02-25,USR_001,AGE_001,M,110,,
2021-02-25,USR_001,AGE_002,F,262,,
2021-02-25,USR_001,AGE_002,M,230,,
2021-02-25,USR_001,AGE_003,F,80,,
2021-02-25,USR_001,AGE_003,M,107,,
2021-02-25,USR_001,AGE_004,F,80,,
2021-02-25,USR_001,AGE_004,M,63,,
2021-02-25,USR_001,AGE_005,F,29,,
2021-02-25,USR_001,AGE_005,M,53,,
2021-02-25,USR_001,AGE_006,F,15,,
2021-02-25,USR_001,AGE_006,M,12,,
2021-02-25,USR_001,AGE_007,M,3,,
2021-02-25,USR_001,AGE_008,F,27,,
2021-02-25,USR_001,AGE_008,M,25,,
2021-02-26,USR_001,AGE_001,F,232,,
2021-02-26,USR_001,AGE_001,M,220,,
2021-02-26,USR_001,AGE_002,F,623,,
2021-02-26,USR_001,AGE_002,M,479,,
2021-02-26,USR_001,AGE_003,F,194,,
2021-02-26,USR_001,AGE_003,M,191,,
2021-02-26,USR_001,AGE_004,F,120,,
2021-02-26,USR_001,AGE_004,M,124,,
2021-02-26,USR_001,AGE_005,F,64,,
2021-02-26,USR_001,AGE_005,M,60,,
2021-02-26,USR_001,AGE_006,F,18,,
2021-02-26,USR_001,AGE_006,M,22,,
2021-02-26,USR_001,AGE_007,F,1,,
2021-02-26,USR_001,AGE_007,M,4,,
2021-02-26,USR_001,AGE_008,F,33,,
2021-02-26,USR_001,AGE_008,M,35,,
2021-02-27,USR_001,AGE_001,F,382,,
2021-02-27,USR_001,AGE_001,M,323,,
2021-02-27,USR_001,AGE_002,F,1140,,
2021-02-27,USR_001,AGE_002,M,983,,
2021-02-27,USR_001,AGE_003,F,456,,
2021-02-27,USR_001,AGE_003,M,494,,
2021-02-27,USR_001,AGE_004,F,296,,
2021-02-27,USR_001,AGE_004,M,293,,
2021-02-27,USR_001,AGE_005,F,163,,
2021-02-27,USR_001,AGE_005,M,154,,
2021-02-27,USR_001,AGE_006,F,30,,
2021-02-27,USR_001,AGE_006,M,42,,
2021-02-27,USR_001,AGE_007,F,2,,
2021-02-27,USR_001,AGE_007,M,8,,
2021-02-27,USR_001,AGE_008,F,46,,
2021-02-27,USR_001,AGE_008,M,35,,
2021-02-28,USR_001,AGE_001,F,350,,
2021-02-28,USR_001,AGE_001,M,300,,
2021-02-28,USR_001,AGE_002,F,894,,
2021-02-28,USR_001,AGE_002,M,774,,
2021-02-28,USR_001,AGE_003,F,368,,
2021-02-28,USR_001,AGE_003,M,420,,
2021-02-28,USR_001,AGE_004,F,320,,
2021-02-28,USR_001,AGE_004,M,329,,
2021-02-28,USR_001,AGE_005,F,149,,
2021-02-28,USR_001,AGE_005,M,145,,
2021-02-28,USR_001,AGE_006,F,35,,
2021-02-28,USR_001,AGE_006,M,41,,
2021-02-28,USR_001,AGE_007,F,3,,
2021-02-28,USR_001,AGE_007,M,6,,
2021-02-28,USR_001,AGE_008,F,29,,
2021-02-28,USR_001,AGE_008,M,46,,
2021-03-01,USR_001,AGE_001,F,34,,69606
2021-03-01,USR_001,AGE_001,M,36,,
2021-03-01,USR_001,AGE_002,F,91,,
2021-03-01,USR_001,AGE_002,M,69,,
2021-03-01,USR_001,AGE_003,F,39,,
2021-03-01,USR_001,AGE_003,M,34,,
2021-03-01,USR_001,AGE_004,F,22,,
2021-03-01,USR_001,AGE_004,M,31,,
2021-03-01,USR_001,AGE_005,F,13,,
2021-03-01,USR_001,AGE_005,M,21,,
2021-03-01,USR_001,AGE_006,F,6,,
2021-03-01,USR_001,AGE_006,M,17,,
2021-03-01,USR_001,AGE_007,F,2,,
2021-03-01,USR_001,AGE_007,M,1,,
2021-03-01,USR_001,AGE_008,F,16,,
2021-03-01,USR_001,AGE_008,M,18,,
2021-03-02,USR_001,AGE_001,F,121,,
2021-03-02,USR_001,AGE_001,M,99,,
2021-03-02,USR_001,AGE_002,F,300,,
2021-03-02,USR_001,AGE_002,M,261,,
2021-03-02,USR_001,AGE_003,F,87,,
2021-03-02,USR_001,AGE_003,M,103,,
2021-03-02,USR_001,AGE_004,F,53,,
2021-03-02,USR_001,AGE_004,M,66,,
2021-03-02,USR_001,AGE_005,F,34,,
2021-03-02,USR_001,AGE_005,M,43,,
2021-03-02,USR_001,AGE_006,F,7,,
2021-03-02,USR_001,AGE_006,M,18,,
2021-03-02,USR_001,AGE_007,F,1,,
2021-03-02,USR_001,AGE_007,M,7,,
2021-03-02,USR_001,AGE_008,F,13,,
2021-03-02,USR_001,AGE_008,M,18,,
2021-03-03,USR_001,AGE_001,F,108,,
2021-03-03,USR_001,AGE_001,M,115,,
2021-03-03,USR_001,AGE_002,F,356,,
2021-03-03,USR_001,AGE_002,M,303,,
2021-03-03,USR_001,AGE_003,F,130,,
2021-03-03,USR_001,AGE_003,M,127,,
2021-03-03,USR_001,AGE_004,F,86,,
2021-03-03,USR_001,AGE_004,M,80,,
2021-03-03,USR_001,AGE_005,F,51,,
2021-03-03,USR_001,AGE_005,M,51,,
2021-03-03,USR_001,AGE_006,F,16,,
2021-03-03,USR_001,AGE_006,M,18,,
2021-03-03,USR_001,AGE_007,F,2,,
2021-03-03,USR_001,AGE_007,M,2,,
2021-03-03,USR_001,AGE_008,F,15,,
2021-03-03,USR_001,AGE_008,M,22,,
2021-03-04,USR_001,AGE_001,F,103,,
2021-03-04,USR_001,AGE_001,M,117,,
2021-03-04,USR_001,AGE_002,F,359,,
2021-03-04,USR_001,AGE_002,M,294,,
2021-03-04,USR_001,AGE_003,F,119,,
2021-03-04,USR_001,AGE_003,M,144,,
2021-03-04,USR_001,AGE_004,F,94,,
2021-03-04,USR_001,AGE_004,M,85,,
2021-03-04,USR_001,AGE_005,F,51,,
2021-03-04,USR_001,AGE_005,M,56,,
2021-03-04,USR_001,AGE_006,F,7,,
2021-03-04,USR_001,AGE_006,M,21,,
2021-03-04,USR_001,AGE_007,F,1,,
2021-03-04,USR_001,AGE_007,M,2,,
2021-03-04,USR_001,AGE_008,F,23,,
2021-03-04,USR_001,AGE_008,M,23,,
2021-03-05,USR_001,AGE_001,F,188,,
2021-03-05,USR_001,AGE_001,M,178,,
2021-03-05,USR_001,AGE_002,F,668,,
2021-03-05,USR_001,AGE_002,M,522,,
2021-03-05,USR_001,AGE_003,F,215,,
2021-03-05,USR_001,AGE_003,M,205,,
2021-03-05,USR_001,AGE_004,F,128,,
2021-03-05,USR_001,AGE_004,M,105,,
2021-03-05,USR_001,AGE_005,F,72,,
2021-03-05,USR_001,AGE_005,M,71,,
2021-03-05,USR_001,AGE_006,F,16,,
2021-03-05,USR_001,AGE_006,M,33,,
2021-03-05,USR_001,AGE_007,M,5,,
2021-03-05,USR_001,AGE_008,F,30,,
2021-03-05,USR_001,AGE_008,M,29,,
2021-03-06,USR_001,AGE_001,F,199,,
2021-03-06,USR_001,AGE_001,M,217,,
2021-03-06,USR_001,AGE_002,F,623,,
2021-03-06,USR_001,AGE_002,M,543,,
2021-03-06,USR_001,AGE_003,F,270,,
2021-03-06,USR_001,AGE_003,M,295,,
2021-03-06,USR_001,AGE_004,F,219,,
2021-03-06,USR_001,AGE_004,M,209,,
2021-03-06,USR_001,AGE_005,F,95,,
2021-03-06,USR_001,AGE_005,M,95,,
2021-03-06,USR_001,AGE_006,F,29,,
2021-03-06,USR_001,AGE_006,M,36,,
2021-03-06,USR_001,AGE_007,F,2,,
2021-03-06,USR_001,AGE_007,M,5,,
2021-03-06,USR_001,AGE_008,F,40,,
2021-03-06,USR_001,AGE_008,M,28,,
2021-03-07,USR_001,AGE_001,F,324,,
2021-03-07,USR_001,AGE_001,M,251,,
2021-03-07,USR_001,AGE_002,F,897,,
2021-03-07,USR_001,AGE_002,M,752,,
2021-03-07,USR_001,AGE_003,F,449,,
2021-03-07,USR_001,AGE_003,M,448,,
2021-03-07,USR_001,AGE_004,F,362,,
2021-03-07,USR_001,AGE_004,M,368,,
2021-03-07,USR_001,AGE_005,F,153,,
2021-03-07,USR_001,AGE_005,M,146,,
2021-03-07,USR_001,AGE_006,F,28,,
2021-03-07,USR_001,AGE_006,M,41,,
2021-03-07,USR_001,AGE_007,F,5,,
2021-03-07,USR_001,AGE_007,M,9,,
2021-03-07,USR_001,AGE_008,F,22,,
2021-03-07,USR_001,AGE_008,M,38,,
2021-03-08,USR_001,AGE_001,F,102,,
2021-03-08,USR_001,AGE_001,M,97,,
2021-03-08,USR_001,AGE_002,F,478,,
2021-03-08,USR_001,AGE_002,M,431,,
2021-03-08,USR_001,AGE_003,F,235,,
2021-03-08,USR_001,AGE_003,M,189,,
2021-03-08,USR_001,AGE_004,F,112,,
2021-03-08,USR_001,AGE_004,M,117,,
2021-03-08,USR_001,AGE_005,F,78,,
2021-03-08,USR_001,AGE_005,M,78,,
2021-03-08,USR_001,AGE_006,F,23,,
2021-03-08,USR_001,AGE_006,M,32,,
2021-03-08,USR_001,AGE_007,F,1,,
2021-03-08,USR_001,AGE_007,M,2,,
2021-03-08,USR_001,AGE_008,F,19,,
2021-03-08,USR_001,AGE_008,M,26,,
2021-03-09,USR_001,AGE_001,F,101,,
2021-03-09,USR_001,AGE_001,M,111,,
2021-03-09,USR_001,AGE_002,F,412,,
2021-03-09,USR_001,AGE_002,M,366,,
2021-03-09,USR_001,AGE_003,F,150,,
2021-03-09,USR_001,AGE_003,M,162,,
2021-03-09,USR_001,AGE_004,F,108,,
2021-03-09,USR_001,AGE_004,M,105,,
2021-03-09,USR_001,AGE_005,F,65,,
2021-03-09,USR_001,AGE_005,M,57,,
2021-03-09,USR_001,AGE_006,F,25,,
2021-03-09,USR_001,AGE_006,M,30,,
2021-03-09,USR_001,AGE_007,F,1,,
2021-03-09,USR_001,AGE_007,M,3,,
2021-03-09,USR_001,AGE_008,F,26,,
2021-03-09,USR_001,AGE_008,M,27,,
2021-03-10,USR_001,AGE_001,F,125,,
2021-03-10,USR_001,AGE_001,M,101,,
2021-03-10,USR_001,AGE_002,F,526,,
2021-03-10,USR_001,AGE_002,M,438,,
2021-03-10,USR_001,AGE_003,F,186,,
2021-03-10,USR_001,AGE_003,M,174,,
2021-03-10,USR_001,AGE_004,F,102,,
2021-03-10,USR_001,AGE_004,M,112,,
2021-03-10,USR_001,AGE_005,F,79,,
2021-03-10,USR_001,AGE_005,M,66,,
2021-03-10,USR_001,AGE_006,F,13,,
2021-03-10,USR_001,AGE_006,M,28,,
2021-03-10,USR_001,AGE_007,F,1,,
2021-03-10,USR_001,AGE_007,M,1,,
2021-03-10,USR_001,AGE_008,F,19,,
2021-03-10,USR_001,AGE_008,M,32,,
2021-03-11,USR_001,AGE_001,F,121,,
2021-03-11,USR_001,AGE_001,M,116,,
2021-03-11,USR_001,AGE_002,F,468,,
2021-03-11,USR_001,AGE_002,M,366,,
2021-03-11,USR_001,AGE_003,F,155,,
2021-03-11,USR_001,AGE_003,M,148,,
2021-03-11,USR_001,AGE_004,F,100,,
2021-03-11,USR_001,AGE_004,M,112,,
2021-03-11,USR_001,AGE_005,F,61,,
2021-03-11,USR_001,AGE_005,M,71,,
2021-03-11,USR_001,AGE_006,F,20,,
2021-03-11,USR_001,AGE_006,M,42,,
2021-03-11,USR_001,AGE_007,F,3,,
2021-03-11,USR_001,AGE_007,M,2,,
2021-03-11,USR_001,AGE_008,F,23,,
2021-03-11,USR_001,AGE_008,M,21,,
2021-03-12,USR_001,AGE_001,F,90,,
2021-03-12,USR_001,AGE_001,M,115,,
2021-03-12,USR_001,AGE_002,F,348,,
2021-03-12,USR_001,AGE_002,M,321,,
2021-03-12,USR_001,AGE_003,F,123,,
2021-03-12,USR_001,AGE_003,M,131,,
2021-03-12,USR_001,AGE_004,F,88,,
2021-03-12,USR_001,AGE_004,M,106,,
2021-03-12,USR_001,AGE_005,F,61,,
2021-03-12,USR_001,AGE_005,M,60,,
2021-03-12,USR_001,AGE_006,F,10,,
2021-03-12,USR_001,AGE_006,M,36,,
2021-03-12,USR_001,AGE_008,F,83,,
2021-03-12,USR_001,AGE_008,M,72,,
2021-03-13,USR_001,AGE_001,F,303,,
2021-03-13,USR_001,AGE_001,M,271,,
2021-03-13,USR_001,AGE_002,F,966,,
2021-03-13,USR_001,AGE_002,M,933,,
2021-03-13,USR_001,AGE_003,F,393,,
2021-03-13,USR_001,AGE_003,M,426,,
2021-03-13,USR_001,AGE_004,F,302,,
2021-03-13,USR_001,AGE_004,M,281,,
2021-03-13,USR_001,AGE_005,F,148,,
2021-03-13,USR_001,AGE_005,M,137,,
2021-03-13,USR_001,AGE_006,F,27,,
2021-03-13,USR_001,AGE_006,M,49,,
2021-03-13,USR_001,AGE_007,F,5,,
2021-03-13,USR_001,AGE_007,M,8,,
2021-03-13,USR_001,AGE_008,F,75,,
2021-03-13,USR_001,AGE_008,M,72,,
2021-03-14,USR_001,AGE_001,F,357,,
2021-03-14,USR_001,AGE_001,M,287,,
2021-03-14,USR_001,AGE_002,F,997,,
2021-03-14,USR_001,AGE_002,M,834,,
2021-03-14,USR_001,AGE_003,F,422,,
2021-03-14,USR_001,AGE_003,M,444,,
2021-03-14,USR_001,AGE_004,F,391,,
2021-03-14,USR_001,AGE_004,M,382,,
2021-03-14,USR_001,AGE_005,F,188,,
2021-03-14,USR_001,AGE_005,M,156,,
2021-03-14,USR_001,AGE_006,F,48,,
2021-03-14,USR_001,AGE_006,M,55,,
2021-03-14,USR_001,AGE_007,F,3,,
2021-03-14,USR_001,AGE_007,M,3,,
2021-03-14,USR_001,AGE_008,F,63,,
2021-03-14,USR_001,AGE_008,M,67,,
2021-03-15,USR_001,AGE_001,F,94,,
2021-03-15,USR_001,AGE_001,M,86,,
2021-03-15,USR_001,AGE_002,F,446,,
2021-03-15,USR_001,AGE_002,M,337,,
2021-03-15,USR_001,AGE_003,F,183,,
2021-03-15,USR_001,AGE_003,M,201,,
2021-03-15,USR_001,AGE_004,F,143,,
2021-03-15,USR_001,AGE_004,M,129,,
2021-03-15,USR_001,AGE_005,F,76,,
2021-03-15,USR_001,AGE_005,M,67,,
2021-03-15,USR_001,AGE_006,F,12,,
2021-03-15,USR_001,AGE_006,M,32,,
2021-03-15,USR_001,AGE_007,F,2,,
2021-03-15,USR_001,AGE_007,M,2,,
2021-03-15,USR_001,AGE_008,F,39,,
2021-03-15,USR_001,AGE_008,M,74,,
2021-03-16,USR_001,AGE_001,F,89,,
2021-03-16,USR_001,AGE_001,M,97,,
2021-03-16,USR_001,AGE_002,F,315,,
2021-03-16,USR_001,AGE_002,M,264,,
2021-03-16,USR_001,AGE_003,F,164,,
2021-03-16,USR_001,AGE_003,M,147,,
2021-03-16,USR_001,AGE_004,F,101,,
2021-03-16,USR_001,AGE_004,M,103,,
2021-03-16,USR_001,AGE_005,F,58,,
2021-03-16,USR_001,AGE_005,M,63,,
2021-03-16,USR_001,AGE_006,F,14,,
2021-03-16,USR_001,AGE_006,M,19,,
2021-03-16,USR_001,AGE_007,M,7,,
2021-03-16,USR_001,AGE_008,F,87,,
2021-03-16,USR_001,AGE_008,M,92,,
2021-03-17,USR_001,AGE_001,F,113,,
2021-03-17,USR_001,AGE_001,M,93,,
2021-03-17,USR_001,AGE_002,F,535,,
2021-03-17,USR_001,AGE_002,M,425,,
2021-03-17,USR_001,AGE_003,F,175,,
2021-03-17,USR_001,AGE_003,M,150,,
2021-03-17,USR_001,AGE_004,F,111,,
2021-03-17,USR_001,AGE_004,M,133,,
2021-03-17,USR_001,AGE_005,F,71,,
2021-03-17,USR_001,AGE_005,M,59,,
2021-03-17,USR_001,AGE_006,F,10,,
2021-03-17,USR_001,AGE_006,M,18,,
2021-03-17,USR_001,AGE_007,F,1,,
2021-03-17,USR_001,AGE_007,M,3,,
2021-03-17,USR_001,AGE_008,F,99,,
2021-03-17,USR_001,AGE_008,M,124,,
2021-03-18,USR_001,AGE_001,F,162,,
2021-03-18,USR_001,AGE_001,M,110,,
2021-03-18,USR_001,AGE_002,F,563,,
2021-03-18,USR_001,AGE_002,M,423,,
2021-03-18,USR_001,AGE_003,F,207,,
2021-03-18,USR_001,AGE_003,M,182,,
2021-03-18,USR_001,AGE_004,F,123,,
2021-03-18,USR_001,AGE_004,M,123,,
2021-03-18,USR_001,AGE_005,F,70,,
2021-03-18,USR_001,AGE_005,M,78,,
2021-03-18,USR_001,AGE_006,F,18,,
2021-03-18,USR_001,AGE_006,M,21,,
2021-03-18,USR_001,AGE_007,M,2,,
2021-03-18,USR_001,AGE_008,F,153,,
2021-03-18,USR_001,AGE_008,M,152,,
2021-03-19,USR_001,AGE_001,F,242,,
2021-03-19,USR_001,AGE_001,M,197,,
2021-03-19,USR_001,AGE_002,F,891,,
2021-03-19,USR_001,AGE_002,M,685,,
2021-03-19,USR_001,AGE_003,F,265,,
2021-03-19,USR_001,AGE_003,M,245,,
2021-03-19,USR_001,AGE_004,F,145,,
2021-03-19,USR_001,AGE_004,M,143,,
2021-03-19,USR_001,AGE_005,F,91,,
2021-03-19,USR_001,AGE_005,M,68,,
2021-03-19,USR_001,AGE_006,F,15,,
2021-03-19,USR_001,AGE_006,M,28,,
2021-03-19,USR_001,AGE_007,F,2,,
2021-03-19,USR_001,AGE_007,M,2,,
2021-03-19,USR_001,AGE_008,F,216,,
2021-03-19,USR_001,AGE_008,M,239,,
2021-03-20,USR_001,AGE_001,F,85,,
2021-03-20,USR_001,AGE_001,M,78,,
2021-03-20,USR_001,AGE_002,F,222,,
2021-03-20,USR_001,AGE_002,M,181,,
2021-03-20,USR_001,AGE_003,F,89,,
2021-03-20,USR_001,AGE_003,M,93,,
2021-03-20,USR_001,AGE_004,F,62,,
2021-03-20,USR_001,AGE_004,M,55,,
2021-03-20,USR_001,AGE_005,F,24,,
2021-03-20,USR_001,AGE_005,M,32,,
2021-03-20,USR_001,AGE_006,F,10,,
2021-03-20,USR_001,AGE_006,M,12,,
2021-03-20,USR_001,AGE_007,F,1,,
2021-03-20,USR_001,AGE_007,M,2,,
2021-03-20,USR_001,AGE_008,F,115,,
2021-03-20,USR_001,AGE_008,M,174,,
2021-03-21,USR_001,AGE_001,F,185,,
2021-03-21,USR_001,AGE_001,M,168,,
2021-03-21,USR_001,AGE_002,F,442,,
2021-03-21,USR_001,AGE_002,M,367,,
2021-03-21,USR_001,AGE_003,F,223,,
2021-03-21,USR_001,AGE_003,M,199,,
2021-03-21,USR_001,AGE_004,F,170,,
2021-03-21,USR_001,AGE_004,M,184,,
2021-03-21,USR_001,AGE_005,F,62,,
2021-03-21,USR_001,AGE_005,M,48,,
2021-03-21,USR_001,AGE_006,F,13,,
2021-03-21,USR_001,AGE_006,M,25,,
2021-03-21,USR_001,AGE_007,F,1,,
2021-03-21,USR_001,AGE_007,M,5,,
2021-03-21,USR_001,AGE_008,F,358,,
2021-03-21,USR_001,AGE_008,M,405,,
2021-03-22,USR_001,AGE_001,F,84,,
2021-03-22,USR_001,AGE_001,M,57,,
2021-03-22,USR_001,AGE_002,F,287,,
2021-03-22,USR_001,AGE_002,M,195,,
2021-03-22,USR_001,AGE_003,F,138,,
2021-03-22,USR_001,AGE_003,M,103,,
2021-03-22,USR_001,AGE_004,F,56,,
2021-03-22,USR_001,AGE_004,M,46,,
2021-03-22,USR_001,AGE_005,F,16,,
2021-03-22,USR_001,AGE_005,M,20,,
2021-03-22,USR_001,AGE_006,F,3,,
2021-03-22,USR_001,AGE_006,M,8,,
2021-03-22,USR_001,AGE_007,M,1,,
2021-03-22,USR_001,AGE_008,F,338,,
2021-03-22,USR_001,AGE_008,M,405,,
2021-03-23,USR_001,AGE_001,F,79,,
2021-03-23,USR_001,AGE_001,M,60,,
2021-03-23,USR_001,AGE_002,F,372,,
2021-03-23,USR_001,AGE_002,M,235,,
2021-03-23,USR_001,AGE_003,F,135,,
2021-03-23,USR_001,AGE_003,M,103,,
2021-03-23,USR_001,AGE_004,F,62,,
2021-03-23,USR_001,AGE_004,M,50,,
2021-03-23,USR_001,AGE_005,F,21,,
2021-03-23,USR_001,AGE_005,M,20,,
2021-03-23,USR_001,AGE_006,F,5,,
2021-03-23,USR_001,AGE_006,M,4,,
2021-03-23,USR_001,AGE_008,F,427,,
2021-03-23,USR_001,AGE_008,M,541,,
2021-03-24,USR_001,AGE_001,F,113,,
2021-03-24,USR_001,AGE_001,M,67,,
2021-03-24,USR_001,AGE_002,F,499,,
2021-03-24,USR_001,AGE_002,M,263,,
2021-03-24,USR_001,AGE_003,F,140,,
2021-03-24,USR_001,AGE_003,M,118,,
2021-03-24,USR_001,AGE_004,F,50,,
2021-03-24,USR_001,AGE_004,M,45,,
2021-03-24,USR_001,AGE_005,F,17,,
2021-03-24,USR_001,AGE_005,M,22,,
2021-03-24,USR_001,AGE_006,F,4,,
2021-03-24,USR_001,AGE_006,M,10,,
2021-03-24,USR_001,AGE_007,F,1,,
2021-03-24,USR_001,AGE_008,F,466,,
2021-03-24,USR_001,AGE_008,M,486,,
2021-03-25,USR_001,AGE_001,F,122,,
2021-03-25,USR_001,AGE_001,M,82,,
2021-03-25,USR_001,AGE_002,F,526,,
2021-03-25,USR_001,AGE_002,M,290,,
2021-03-25,USR_001,AGE_003,F,172,,
2021-03-25,USR_001,AGE_003,M,109,,
2021-03-25,USR_001,AGE_004,F,63,,
2021-03-25,USR_001,AGE_004,M,58,,
2021-03-25,USR_001,AGE_005,F,27,,
2021-03-25,USR_001,AGE_005,M,18,,
2021-03-25,USR_001,AGE_006,F,3,,
2021-03-25,USR_001,AGE_006,M,5,,
2021-03-25,USR_001,AGE_008,F,499,,
2021-03-25,USR_001,AGE_008,M,525,,
2021-03-26,USR_001,AGE_001,F,164,,
2021-03-26,USR_001,AGE_001,M,137,,
2021-03-26,USR_001,AGE_002,F,637,,
2021-03-26,USR_001,AGE_002,M,378,,
2021-03-26,USR_001,AGE_003,F,148,,
2021-03-26,USR_001,AGE_003,M,145,,
2021-03-26,USR_001,AGE_004,F,68,,
2021-03-26,USR_001,AGE_004,M,66,,
2021-03-26,USR_001,AGE_005,F,23,,
2021-03-26,USR_001,AGE_005,M,27,,
2021-03-26,USR_001,AGE_006,F,4,,
2021-03-26,USR_001,AGE_006,M,12,,
2021-03-26,USR_001,AGE_007,F,1,,
2021-03-26,USR_001,AGE_007,M,2,,
2021-03-26,USR_001,AGE_008,F,536,,
2021-03-26,USR_001,AGE_008,M,628,,
2021-03-27,USR_001,AGE_001,F,31,,
2021-03-27,USR_001,AGE_001,M,35,,
2021-03-27,USR_001,AGE_002,F,77,,
2021-03-27,USR_001,AGE_002,M,64,,
2021-03-27,USR_001,AGE_003,F,51,,
2021-03-27,USR_001,AGE_003,M,40,,
2021-03-27,USR_001,AGE_004,F,31,,
2021-03-27,USR_001,AGE_004,M,30,,
2021-03-27,USR_001,AGE_005,F,11,,
2021-03-27,USR_001,AGE_005,M,13,,
2021-03-27,USR_001,AGE_006,F,2,,
2021-03-27,USR_001,AGE_006,M,3,,
2021-03-27,USR_001,AGE_007,F,2,,
2021-03-27,USR_001,AGE_007,M,2,,
2021-03-27,USR_001,AGE_008,F,206,,
2021-03-27,USR_001,AGE_008,M,251,,
2021-03-28,USR_001,AGE_001,F,56,,
2021-03-28,USR_001,AGE_001,M,53,,
2021-03-28,USR_001,AGE_002,F,207,,
2021-03-28,USR_001,AGE_002,M,132,,
2021-03-28,USR_001,AGE_003,F,85,,
2021-03-28,USR_001,AGE_003,M,56,,
2021-03-28,USR_001,AGE_004,F,43,,
2021-03-28,USR_001,AGE_004,M,47,,
2021-03-28,USR_001,AGE_005,F,8,,
2021-03-28,USR_001,AGE_005,M,20,,
2021-03-28,USR_001,AGE_006,F,4,,
2021-03-28,USR_001,AGE_006,M,6,,
2021-03-28,USR_001,AGE_007,M,2,,
2021-03-28,USR_001,AGE_008,F,293,,
2021-03-28,USR_001,AGE_008,M,393,,
2021-03-29,USR_001,AGE_001,F,74,,
2021-03-29,USR_001,AGE_001,M,45,,
2021-03-29,USR_001,AGE_002,F,263,,
2021-03-29,USR_001,AGE_002,M,168,,
2021-03-29,USR_001,AGE_003,F,95,,
2021-03-29,USR_001,AGE_003,M,76,,
2021-03-29,USR_001,AGE_004,F,40,,
2021-03-29,USR_001,AGE_004,M,43,,
2021-03-29,USR_001,AGE_005,F,14,,
2021-03-29,USR_001,AGE_005,M,13,,
2021-03-29,USR_001,AGE_006,F,2,,
2021-03-29,USR_001,AGE_006,M,6,,
2021-03-29,USR_001,AGE_007,F,1,,
2021-03-29,USR_001,AGE_007,M,3,,
2021-03-29,USR_001,AGE_008,F,308,,
2021-03-29,USR_001,AGE_008,M,386,,
2021-03-30,USR_001,AGE_001,F,89,,
2021-03-30,USR_001,AGE_001,M,75,,
2021-03-30,USR_001,AGE_002,F,499,,
2021-03-30,USR_001,AGE_002,M,288,,
2021-03-30,USR_001,AGE_003,F,151,,
2021-03-30,USR_001,AGE_003,M,114,,
2021-03-30,USR_001,AGE_004,F,51,,
2021-03-30,USR_001,AGE_004,M,42,,
2021-03-30,USR_001,AGE_005,F,15,,
2021-03-30,USR_001,AGE_005,M,32,,
2021-03-30,USR_001,AGE_006,F,4,,
2021-03-30,USR_001,AGE_006,M,10,,
2021-03-30,USR_001,AGE_007,F,1,,
2021-03-30,USR_001,AGE_008,F,471,,
2021-03-30,USR_001,AGE_008,M,527,,
2021-03-31,USR_001,AGE_001,F,173,,
2021-03-31,USR_001,AGE_001,M,86,,
2021-03-31,USR_001,AGE_002,F,810,,
2021-03-31,USR_001,AGE_002,M,381,,
2021-03-31,USR_001,AGE_003,F,237,,
2021-03-31,USR_001,AGE_003,M,184,,
2021-03-31,USR_001,AGE_004,F,89,,
2021-03-31,USR_001,AGE_004,M,74,,
2021-03-31,USR_001,AGE_005,F,43,,
2021-03-31,USR_001,AGE_005,M,25,,
2021-03-31,USR_001,AGE_006,F,6,,
2021-03-31,USR_001,AGE_006,M,6,,
2021-03-31,USR_001,AGE_007,F,2,,
2021-03-31,USR_001,AGE_007,M,3,,
2021-03-31,USR_001,AGE_008,F,634,,
2021-03-31,USR_001,AGE_008,M,769,,
2021-04-01,USR_001,AGE_001,F,174,,93907
2021-04-01,USR_001,AGE_001,M,111,,
2021-04-01,USR_001,AGE_002,F,844,,
2021-04-01,USR_001,AGE_002,M,454,,
2021-04-01,USR_001,AGE_003,F,255,,
2021-04-01,USR_001,AGE_003,M,168,,
2021-04-01,USR_001,AGE_004,F,94,,
2021-04-01,USR_001,AGE_004,M,80,,
2021-04-01,USR_001,AGE_005,F,19,,
2021-04-01,USR_001,AGE_005,M,32,,
2021-04-01,USR_001,AGE_006,F,5,,
2021-04-01,USR_001,AGE_006,M,15,,
2021-04-01,USR_001,AGE_007,F,1,,
2021-04-01,USR_001,AGE_007,M,2,,
2021-04-01,USR_001,AGE_008,F,731,,
2021-04-01,USR_001,AGE_008,M,813,,
2021-04-02,USR_001,AGE_001,F,196,,
2021-04-02,USR_001,AGE_001,M,142,,
2021-04-02,USR_001,AGE_002,F,764,,
2021-04-02,USR_001,AGE_002,M,478,,
2021-04-02,USR_001,AGE_003,F,232,,
2021-04-02,USR_001,AGE_003,M,163,,
2021-04-02,USR_001,AGE_004,F,73,,
2021-04-02,USR_001,AGE_004,M,66,,
2021-04-02,USR_001,AGE_005,F,28,,
2021-04-02,USR_001,AGE_005,M,31,,
2021-04-02,USR_001,AGE_006,F,3,,
2021-04-02,USR_001,AGE_006,M,8,,
2021-04-02,USR_001,AGE_007,M,1,,
2021-04-02,USR_001,AGE_008,F,691,,
2021-04-02,USR_001,AGE_008,M,873,,
2021-04-03,USR_001,AGE_001,F,29,,
2021-04-03,USR_001,AGE_001,M,22,,
2021-04-03,USR_001,AGE_002,F,80,,
2021-04-03,USR_001,AGE_002,M,90,,
2021-04-03,USR_001,AGE_003,F,35,,
2021-04-03,USR_001,AGE_003,M,27,,
2021-04-03,USR_001,AGE_004,F,17,,
2021-04-03,USR_001,AGE_004,M,14,,
2021-04-03,USR_001,AGE_005,F,7,,
2021-04-03,USR_001,AGE_005,M,10,,
2021-04-03,USR_001,AGE_006,M,4,,
2021-04-03,USR_001,AGE_007,M,1,,
2021-04-03,USR_001,AGE_008,F,171,,
2021-04-03,USR_001,AGE_008,M,233,,
2021-04-04,USR_001,AGE_001,F,221,,
2021-04-04,USR_001,AGE_001,M,164,,
2021-04-04,USR_001,AGE_002,F,843,,
2021-04-04,USR_001,AGE_002,M,526,,
2021-04-04,USR_001,AGE_003,F,385,,
2021-04-04,USR_001,AGE_003,M,292,,
2021-04-04,USR_001,AGE_004,F,166,,
2021-04-04,USR_001,AGE_004,M,162,,
2021-04-04,USR_001,AGE_005,F,37,,
2021-04-04,USR_001,AGE_005,M,47,,
2021-04-04,USR_001,AGE_006,F,8,,
2021-04-04,USR_001,AGE_006,M,10,,
2021-04-04,USR_001,AGE_007,M,4,,
2021-04-04,USR_001,AGE_008,F,1090,,
2021-04-04,USR_001,AGE_008,M,1375,,
2021-04-05,USR_001,AGE_001,F,132,,
2021-04-05,USR_001,AGE_001,M,88,,
2021-04-05,USR_001,AGE_002,F,676,,
2021-04-05,USR_001,AGE_002,M,330,,
2021-04-05,USR_001,AGE_003,F,217,,
2021-04-05,USR_001,AGE_003,M,148,,
2021-04-05,USR_001,AGE_004,F,89,,
2021-04-05,USR_001,AGE_004,M,68,,
2021-04-05,USR_001,AGE_005,F,34,,
2021-04-05,USR_001,AGE_005,M,31,,
2021-04-05,USR_001,AGE_006,M,7,,
2021-04-05,USR_001,AGE_007,M,1,,
2021-04-05,USR_001,AGE_008,F,601,,
2021-04-05,USR_001,AGE_008,M,727,,
2021-04-06,USR_001,AGE_001,F,32,,
2021-04-06,USR_001,AGE_001,M,27,,
2021-04-06,USR_001,AGE_002,F,175,,
2021-04-06,USR_001,AGE_002,M,132,,
2021-04-06,USR_001,AGE_003,F,93,,
2021-04-06,USR_001,AGE_003,M,73,,
2021-04-06,USR_001,AGE_004,F,34,,
2021-04-06,USR_001,AGE_004,M,40,,
2021-04-06,USR_001,AGE_005,F,14,,
2021-04-06,USR_001,AGE_005,M,25,,
2021-04-06,USR_001,AGE_006,F,4,,
2021-04-06,USR_001,AGE_006,M,5,,
2021-04-06,USR_001,AGE_007,M,1,,
2021-04-06,USR_001,AGE_008,F,1196,,
2021-04-06,USR_001,AGE_008,M,1015,,
2021-04-07,USR_001,AGE_001,F,35,,
2021-04-07,USR_001,AGE_001,M,16,,
2021-04-07,USR_001,AGE_002,F,86,,
2021-04-07,USR_001,AGE_002,M,69,,
2021-04-07,USR_001,AGE_003,F,66,,
2021-04-07,USR_001,AGE_003,M,49,,
2021-04-07,USR_001,AGE_004,F,53,,
2021-04-07,USR_001,AGE_004,M,47,,
2021-04-07,USR_001,AGE_005,F,22,,
2021-04-07,USR_001,AGE_005,M,24,,
2021-04-07,USR_001,AGE_006,F,2,,
2021-04-07,USR_001,AGE_006,M,8,,
2021-04-07,USR_001,AGE_007,F,1,,
2021-04-07,USR_001,AGE_008,F,1471,,
2021-04-07,USR_001,AGE_008,M,1192,,
2021-04-08,USR_001,AGE_001,F,23,,
2021-04-08,USR_001,AGE_001,M,15,,
2021-04-08,USR_001,AGE_002,F,81,,
2021-04-08,USR_001,AGE_002,M,55,,
2021-04-08,USR_001,AGE_003,F,36,,
2021-04-08,USR_001,AGE_003,M,53,,
2021-04-08,USR_001,AGE_004,F,46,,
2021-04-08,USR_001,AGE_004,M,26,,
2021-04-08,USR_001,AGE_005,F,14,,
2021-04-08,USR_001,AGE_005,M,13,,
2021-04-08,USR_001,AGE_006,M,10,,
2021-04-08,USR_001,AGE_008,F,1241,,
2021-04-08,USR_001,AGE_008,M,1187,,
2021-04-09,USR_001,AGE_001,F,25,,
2021-04-09,USR_001,AGE_001,M,14,,
2021-04-09,USR_001,AGE_002,F,104,,
2021-04-09,USR_001,AGE_002,M,66,,
2021-04-09,USR_001,AGE_003,F,70,,
2021-04-09,USR_001,AGE_003,M,52,,
2021-04-09,USR_001,AGE_004,F,40,,
2021-04-09,USR_001,AGE_004,M,37,,
2021-04-09,USR_001,AGE_005,F,17,,
2021-04-09,USR_001,AGE_005,M,25,,
2021-04-09,USR_001,AGE_006,F,3,,
2021-04-09,USR_001,AGE_006,M,6,,
2021-04-09,USR_001,AGE_008,F,1429,,
2021-04-09,USR_001,AGE_008,M,1737,,
2021-04-10,USR_001,AGE_001,F,48,,
2021-04-10,USR_001,AGE_001,M,33,,
2021-04-10,USR_001,AGE_002,F,118,,
2021-04-10,USR_001,AGE_002,M,96,,
2021-04-10,USR_001,AGE_003,F,88,,
2021-04-10,USR_001,AGE_003,M,69,,
2021-04-10,USR_001,AGE_004,F,91,,
2021-04-10,USR_001,AGE_004,M,83,,
2021-04-10,USR_001,AGE_005,F,33,,
2021-04-10,USR_001,AGE_005,M,32,,
2021-04-10,USR_001,AGE_006,F,2,,
2021-04-10,USR_001,AGE_006,M,11,,
2021-04-10,USR_001,AGE_007,M,1,,
2021-04-10,USR_001,AGE_008,F,3041,,
2021-04-10,USR_001,AGE_008,M,2719,,
2021-04-11,USR_001,AGE_001,F,44,,
2021-04-11,USR_001,AGE_001,M,32,,
2021-04-11,USR_001,AGE_002,F,133,,
2021-04-11,USR_001,AGE_002,M,104,,
2021-04-11,USR_001,AGE_003,F,122,,
2021-04-11,USR_001,AGE_003,M,100,,
2021-04-11,USR_001,AGE_004,F,123,,
2021-04-11,USR_001,AGE_004,M,96,,
2021-04-11,USR_001,AGE_005,F,27,,
2021-04-11,USR_001,AGE_005,M,51,,
2021-04-11,USR_001,AGE_006,F,6,,
2021-04-11,USR_001,AGE_006,M,9,,
2021-04-11,USR_001,AGE_007,F,2,,
2021-04-11,USR_001,AGE_007,M,2,,
2021-04-11,USR_001,AGE_008,F,3061,,
2021-04-11,USR_001,AGE_008,M,2809,,
2021-04-12,USR_001,AGE_001,F,4,,
2021-04-12,USR_001,AGE_001,M,4,,
2021-04-12,USR_001,AGE_002,F,13,,
2021-04-12,USR_001,AGE_002,M,19,,
2021-04-12,USR_001,AGE_003,F,17,,
2021-04-12,USR_001,AGE_003,M,11,,
2021-04-12,USR_001,AGE_004,F,10,,
2021-04-12,USR_001,AGE_004,M,13,,
2021-04-12,USR_001,AGE_005,F,8,,
2021-04-12,USR_001,AGE_005,M,10,,
2021-04-12,USR_001,AGE_006,M,2,,
2021-04-12,USR_001,AGE_007,M,1,,
2021-04-12,USR_001,AGE_008,F,364,,
2021-04-12,USR_001,AGE_008,M,376,,
2021-04-13,USR_001,AGE_001,F,10,,
2021-04-13,USR_001,AGE_001,M,3,,
2021-04-13,USR_001,AGE_002,F,38,,
2021-04-13,USR_001,AGE_002,M,14,,
2021-04-13,USR_001,AGE_003,F,29,,
2021-04-13,USR_001,AGE_003,M,26,,
2021-04-13,USR_001,AGE_004,F,31,,
2021-04-13,USR_001,AGE_004,M,27,,
2021-04-13,USR_001,AGE_005,F,8,,
2021-04-13,USR_001,AGE_005,M,10,,
2021-04-13,USR_001,AGE_006,M,8,,
2021-04-13,USR_001,AGE_008,F,674,,
2021-04-13,USR_001,AGE_008,M,654,,
2021-04-14,USR_001,AGE_001,F,10,,
2021-04-14,USR_001,AGE_001,M,11,,
2021-04-14,USR_001,AGE_002,F,40,,
2021-04-14,USR_001,AGE_002,M,45,,
2021-04-14,USR_001,AGE_003,F,22,,
2021-04-14,USR_001,AGE_003,M,39,,
2021-04-14,USR_001,AGE_004,F,20,,
2021-04-14,USR_001,AGE_004,M,20,,
2021-04-14,USR_001,AGE_005,F,4,,
2021-04-14,USR_001,AGE_005,M,14,,
2021-04-14,USR_001,AGE_006,F,2,,
2021-04-14,USR_001,AGE_006,M,5,,
2021-04-14,USR_001,AGE_008,F,811,,
2021-04-14,USR_001,AGE_008,M,782,,
2021-04-15,USR_001,AGE_001,F,7,,
2021-04-15,USR_001,AGE_001,M,8,,
2021-04-15,USR_001,AGE_002,F,54,,
2021-04-15,USR_001,AGE_002,M,45,,
2021-04-15,USR_001,AGE_003,F,39,,
2021-04-15,USR_001,AGE_003,M,45,,
2021-04-15,USR_001,AGE_004,F,31,,
2021-04-15,USR_001,AGE_004,M,32,,
2021-04-15,USR_001,AGE_005,F,11,,
2021-04-15,USR_001,AGE_005,M,17,,
2021-04-15,USR_001,AGE_006,F,8,,
2021-04-15,USR_001,AGE_006,M,5,,
2021-04-15,USR_001,AGE_007,M,2,,
2021-04-15,USR_001,AGE_008,F,1027,,
2021-04-15,USR_001,AGE_008,M,940,,
2021-04-16,USR_001,AGE_001,F,11,,
2021-04-16,USR_001,AGE_001,M,10,,
2021-04-16,USR_001,AGE_002,F,49,,
2021-04-16,USR_001,AGE_002,M,32,,
2021-04-16,USR_001,AGE_003,F,20,,
2021-04-16,USR_001,AGE_003,M,34,,
2021-04-16,USR_001,AGE_004,F,28,,
2021-04-16,USR_001,AGE_004,M,23,,
2021-04-16,USR_001,AGE_005,F,13,,
2021-04-16,USR_001,AGE_005,M,15,,
2021-04-16,USR_001,AGE_006,F,3,,
2021-04-16,USR_001,AGE_006,M,3,,
2021-04-16,USR_001,AGE_007,F,1,,
2021-04-16,USR_001,AGE_007,M,1,,
2021-04-16,USR_001,AGE_008,F,694,,
2021-04-16,USR_001,AGE_008,M,705,,
2021-04-17,USR_001,AGE_001,F,10,,
2021-04-17,USR_001,AGE_001,M,11,,
2021-04-17,USR_001,AGE_002,F,46,,
2021-04-17,USR_001,AGE_002,M,33,,
2021-04-17,USR_001,AGE_003,F,23,,
2021-04-17,USR_001,AGE_003,M,36,,
2021-04-17,USR_001,AGE_004,F,32,,
2021-04-17,USR_001,AGE_004,M,37,,
2021-04-17,USR_001,AGE_005,F,14,,
2021-04-17,USR_001,AGE_005,M,14,,
2021-04-17,USR_001,AGE_006,F,6,,
2021-04-17,USR_001,AGE_006,M,6,,
2021-04-17,USR_001,AGE_008,F,1097,,
2021-04-17,USR_001,AGE_008,M,1119,,
2021-04-18,USR_001,AGE_001,F,15,,
2021-04-18,USR_001,AGE_001,M,11,,
2021-04-18,USR_001,AGE_002,F,81,,
2021-04-18,USR_001,AGE_002,M,66,,
2021-04-18,USR_001,AGE_003,F,80,,
2021-04-18,USR_001,AGE_003,M,79,,
2021-04-18,USR_001,AGE_004,F,85,,
2021-04-18,USR_001,AGE_004,M,97,,
2021-04-18,USR_001,AGE_005,F,24,,
2021-04-18,USR_001,AGE_005,M,33,,
2021-04-18,USR_001,AGE_006,F,6,,
2021-04-18,USR_001,AGE_006,M,9,,
2021-04-18,USR_001,AGE_007,M,1,,
2021-04-18,USR_001,AGE_008,F,2127,,
2021-04-18,USR_001,AGE_008,M,2076,,
2021-04-19,USR_001,AGE_001,F,8,,
2021-04-19,USR_001,AGE_001,M,6,,
2021-04-19,USR_001,AGE_002,F,38,,
2021-04-19,USR_001,AGE_002,M,35,,
2021-04-19,USR_001,AGE_003,F,45,,
2021-04-19,USR_001,AGE_003,M,50,,
2021-04-19,USR_001,AGE_004,F,28,,
2021-04-19,USR_001,AGE_004,M,28,,
2021-04-19,USR_001,AGE_005,F,16,,
2021-04-19,USR_001,AGE_005,M,18,,
2021-04-19,USR_001,AGE_006,F,2,,
2021-04-19,USR_001,AGE_006,M,11,,
2021-04-19,USR_001,AGE_007,F,1,,
2021-04-19,USR_001,AGE_008,F,1099,,
2021-04-19,USR_001,AGE_008,M,949,,
2021-04-20,USR_001,AGE_001,F,9,,
2021-04-20,USR_001,AGE_001,M,6,,
2021-04-20,USR_001,AGE_002,F,54,,
2021-04-20,USR_001,AGE_002,M,35,,
2021-04-20,USR_001,AGE_003,F,38,,
2021-04-20,USR_001,AGE_003,M,40,,
2021-04-20,USR_001,AGE_004,F,32,,
2021-04-20,USR_001,AGE_004,M,27,,
2021-04-20,USR_001,AGE_005,F,18,,
2021-04-20,USR_001,AGE_005,M,27,,
2021-04-20,USR_001,AGE_006,F,5,,
2021-04-20,USR_001,AGE_006,M,9,,
2021-04-20,USR_001,AGE_008,F,1090,,
2021-04-20,USR_001,AGE_008,M,965,,
2021-04-21,USR_001,AGE_001,F,8,,
2021-04-21,USR_001,AGE_001,M,8,,
2021-04-21,USR_001,AGE_002,F,52,,
2021-04-21,USR_001,AGE_002,M,45,,
2021-04-21,USR_001,AGE_003,F,52,,
2021-04-21,USR_001,AGE_003,M,39,,
2021-04-21,USR_001,AGE_004,F,26,,
2021-04-21,USR_001,AGE_004,M,37,,
2021-04-21,USR_001,AGE_005,F,10,,
2021-04-21,USR_001,AGE_005,M,20,,
2021-04-21,USR_001,AGE_006,F,5,,
2021-04-21,USR_001,AGE_006,M,5,,
2021-04-21,USR_001,AGE_007,M,1,,
2021-04-21,USR_001,AGE_008,F,1201,,
2021-04-21,USR_001,AGE_008,M,1086,,
2021-04-22,USR_001,AGE_001,F,10,,
2021-04-22,USR_001,AGE_001,M,5,,
2021-04-22,USR_001,AGE_002,F,42,,
2021-04-22,USR_001,AGE_002,M,46,,
2021-04-22,USR_001,AGE_003,F,29,,
2021-04-22,USR_001,AGE_003,M,39,,
2021-04-22,USR_001,AGE_004,F,22,,
2021-04-22,USR_001,AGE_004,M,22,,
2021-04-22,USR_001,AGE_005,F,13,,
2021-04-22,USR_001,AGE_005,M,18,,
2021-04-22,USR_001,AGE_006,M,10,,
2021-04-22,USR_001,AGE_008,F,1117,,
2021-04-22,USR_001,AGE_008,M,1099,,
2021-04-23,USR_001,AGE_001,F,8,,
2021-04-23,USR_001,AGE_001,M,9,,
2021-04-23,USR_001,AGE_002,F,51,,
2021-04-23,USR_001,AGE_002,M,40,,
2021-04-23,USR_001,AGE_003,F,34,,
2021-04-23,USR_001,AGE_003,M,38,,
2021-04-23,USR_001,AGE_004,F,32,,
2021-04-23,USR_001,AGE_004,M,31,,
2021-04-23,USR_001,AGE_005,F,10,,
2021-04-23,USR_001,AGE_005,M,17,,
2021-04-23,USR_001,AGE_006,F,3,,
2021-04-23,USR_001,AGE_006,M,9,,
2021-04-23,USR_001,AGE_007,F,2,,
2021-04-23,USR_001,AGE_007,M,2,,
2021-04-23,USR_001,AGE_008,F,1203,,
2021-04-23,USR_001,AGE_008,M,1266,,
2021-04-24,USR_001,AGE_001,F,17,,
2021-04-24,USR_001,AGE_001,M,24,,
2021-04-24,USR_001,AGE_002,F,117,,
2021-04-24,USR_001,AGE_002,M,72,,
2021-04-24,USR_001,AGE_003,F,75,,
2021-04-24,USR_001,AGE_003,M,93,,
2021-04-24,USR_001,AGE_004,F,64,,
2021-04-24,USR_001,AGE_004,M,64,,
2021-04-24,USR_001,AGE_005,F,19,,
2021-04-24,USR_001,AGE_005,M,35,,
2021-04-24,USR_001,AGE_006,F,6,,
2021-04-24,USR_001,AGE_006,M,11,,
2021-04-24,USR_001,AGE_007,M,1,,
2021-04-24,USR_001,AGE_008,F,2508,,
2021-04-24,USR_001,AGE_008,M,2383,,
2021-04-25,USR_001,AGE_001,F,33,,
2021-04-25,USR_001,AGE_001,M,16,,
2021-04-25,USR_001,AGE_002,F,148,,
2021-04-25,USR_001,AGE_002,M,86,,
2021-04-25,USR_001,AGE_003,F,123,,
2021-04-25,USR_001,AGE_003,M,106,,
2021-04-25,USR_001,AGE_004,F,118,,
2021-04-25,USR_001,AGE_004,M,130,,
2021-04-25,USR_001,AGE_005,F,29,,
2021-04-25,USR_001,AGE_005,M,39,,
2021-04-25,USR_001,AGE_006,F,5,,
2021-04-25,USR_001,AGE_006,M,17,,
2021-04-25,USR_001,AGE_007,F,3,,
2021-04-25,USR_001,AGE_007,M,1,,
2021-04-25,USR_001,AGE_008,F,3008,,
2021-04-25,USR_001,AGE_008,M,2880,,
2021-04-26,USR_001,AGE_001,F,19,,
2021-04-26,USR_001,AGE_001,M,9,,
2021-04-26,USR_001,AGE_002,F,63,,
2021-04-26,USR_001,AGE_002,M,48,,
2021-04-26,USR_001,AGE_003,F,57,,
2021-04-26,USR_001,AGE_003,M,45,,
2021-04-26,USR_001,AGE_004,F,39,,
2021-04-26,USR_001,AGE_004,M,37,,
2021-04-26,USR_001,AGE_005,F,14,,
2021-04-26,USR_001,AGE_005,M,18,,
2021-04-26,USR_001,AGE_006,F,3,,
2021-04-26,USR_001,AGE_006,M,10,,
2021-04-26,USR_001,AGE_007,F,1,,
2021-04-26,USR_001,AGE_008,F,1269,,
2021-04-26,USR_001,AGE_008,M,1197,,
2021-04-27,USR_001,AGE_001,F,22,,
2021-04-27,USR_001,AGE_001,M,10,,
2021-04-27,USR_001,AGE_002,F,56,,
2021-04-27,USR_001,AGE_002,M,30,,
2021-04-27,USR_001,AGE_003,F,35,,
2021-04-27,USR_001,AGE_003,M,41,,
2021-04-27,USR_001,AGE_004,F,19,,
2021-04-27,USR_001,AGE_004,M,38,,
2021-04-27,USR_001,AGE_005,F,12,,
2021-04-27,USR_001,AGE_005,M,20,,
2021-04-27,USR_001,AGE_006,F,1,,
2021-04-27,USR_001,AGE_006,M,2,,
2021-04-27,USR_001,AGE_007,M,1,,
2021-04-27,USR_001,AGE_008,F,906,,
2021-04-27,USR_001,AGE_008,M,906,,
2021-04-28,USR_001,AGE_001,F,26,,
2021-04-28,USR_001,AGE_001,M,12,,
2021-04-28,USR_001,AGE_002,F,58,,
2021-04-28,USR_001,AGE_002,M,33,,
2021-04-28,USR_001,AGE_003,F,36,,
2021-04-28,USR_001,AGE_003,M,43,,
2021-04-28,USR_001,AGE_004,F,29,,
2021-04-28,USR_001,AGE_004,M,24,,
2021-04-28,USR_001,AGE_005,F,13,,
2021-04-28,USR_001,AGE_005,M,25,,
2021-04-28,USR_001,AGE_006,F,2,,
2021-04-28,USR_001,AGE_006,M,7,,
2021-04-28,USR_001,AGE_008,F,1027,,
2021-04-28,USR_001,AGE_008,M,1067,,
2021-04-29,USR_001,AGE_001,F,22,,
2021-04-29,USR_001,AGE_001,M,10,,
2021-04-29,USR_001,AGE_002,F,52,,
2021-04-29,USR_001,AGE_002,M,26,,
2021-04-29,USR_001,AGE_003,F,43,,
2021-04-29,USR_001,AGE_003,M,36,,
2021-04-29,USR_001,AGE_004,F,20,,
2021-04-29,USR_001,AGE_004,M,26,,
2021-04-29,USR_001,AGE_005,F,16,,
2021-04-29,USR_001,AGE_005,M,12,,
2021-04-29,USR_001,AGE_006,M,8,,
2021-04-29,USR_001,AGE_007,M,1,,
2021-04-29,USR_001,AGE_008,F,1015,,
2021-04-29,USR_001,AGE_008,M,982,,
2021-04-30,USR_001,AGE_001,F,14,,
2021-04-30,USR_001,AGE_001,M,23,,
2021-04-30,USR_001,AGE_002,F,30,,
2021-04-30,USR_001,AGE_002,M,37,,
2021-04-30,USR_001,AGE_003,F,33,,
2021-04-30,USR_001,AGE_003,M,24,,
2021-04-30,USR_001,AGE_004,F,24,,
2021-04-30,USR_001,AGE_004,M,23,,
2021-04-30,USR_001,AGE_005,F,11,,
2021-04-30,USR_001,AGE_005,M,14,,
2021-04-30,USR_001,AGE_006,F,3,,
2021-04-30,USR_001,AGE_006,M,3,,
2021-04-30,USR_001,AGE_008,F,726,,
2021-04-30,USR_001,AGE_008,M,821,,
2021-05-01,USR_001,AGE_001,F,18,80653,
2021-05-01,USR_001,AGE_001,M,10,,
2021-05-01,USR_001,AGE_002,F,33,,
2021-05-01,USR_001,AGE_002,M,35,,
2021-05-01,USR_001,AGE_003,F,21,,
2021-05-01,USR_001,AGE_003,M,30,,
2021-05-01,USR_001,AGE_004,F,32,,
2021-05-01,USR_001,AGE_004,M,22,,
2021-05-01,USR_001,AGE_005,F,10,,
2021-05-01,USR_001,AGE_005,M,17,,
2021-05-01,USR_001,AGE_006,F,1,,
2021-05-01,USR_001,AGE_006,M,5,,
2021-05-01,USR_001,AGE_007,F,1,,
2021-05-01,USR_001,AGE_008,F,657,,
2021-05-01,USR_001,AGE_008,M,739,,
2021-05-02,USR_001,AGE_001,F,56,,
2021-05-02,USR_001,AGE_001,M,19,,
2021-05-02,USR_001,AGE_002,F,101,,
2021-05-02,USR_001,AGE_002,M,75,,
2021-05-02,USR_001,AGE_003,F,97,,
2021-05-02,USR_001,AGE_003,M,83,,
2021-05-02,USR_001,AGE_004,F,77,,
2021-05-02,USR_001,AGE_004,M,66,,
2021-05-02,USR_001,AGE_005,F,12,,
2021-05-02,USR_001,AGE_005,M,22,,
2021-05-02,USR_001,AGE_006,F,5,,
2021-05-02,USR_001,AGE_006,M,11,,
2021-05-02,USR_001,AGE_007,F,1,,
2021-05-02,USR_001,AGE_008,F,2685,,
2021-05-02,USR_001,AGE_008,M,2492,,
2021-05-03,USR_001,AGE_001,F,35,,
2021-05-03,USR_001,AGE_001,M,20,,
2021-05-03,USR_001,AGE_002,F,52,,
2021-05-03,USR_001,AGE_002,M,64,,
2021-05-03,USR_001,AGE_003,F,51,,
2021-05-03,USR_001,AGE_003,M,49,,
2021-05-03,USR_001,AGE_004,F,33,,
2021-05-03,USR_001,AGE_004,M,43,,
2021-05-03,USR_001,AGE_005,F,9,,
2021-05-03,USR_001,AGE_005,M,20,,
2021-05-03,USR_001,AGE_006,F,3,,
2021-05-03,USR_001,AGE_006,M,3,,
2021-05-03,USR_001,AGE_008,F,1252,,
2021-05-03,USR_001,AGE_008,M,1173,,
2021-05-04,USR_001,AGE_001,F,8,,
2021-05-04,USR_001,AGE_001,M,6,,
2021-05-04,USR_001,AGE_002,F,16,,
2021-05-04,USR_001,AGE_002,M,16,,
2021-05-04,USR_001,AGE_003,F,15,,
2021-05-04,USR_001,AGE_003,M,24,,
2021-05-04,USR_001,AGE_004,F,12,,
2021-05-04,USR_001,AGE_004,M,18,,
2021-05-04,USR_001,AGE_005,F,1,,
2021-05-04,USR_001,AGE_005,M,13,,
2021-05-04,USR_001,AGE_006,F,1,,
2021-05-04,USR_001,AGE_006,M,6,,
2021-05-04,USR_001,AGE_007,F,1,,
2021-05-04,USR_001,AGE_007,M,1,,
2021-05-04,USR_001,AGE_008,F,329,,
2021-05-04,USR_001,AGE_008,M,376,,
2021-05-05,USR_001,AGE_001,F,71,,
2021-05-05,USR_001,AGE_001,M,41,,
2021-05-05,USR_001,AGE_002,F,132,,
2021-05-05,USR_001,AGE_002,M,99,,
2021-05-05,USR_001,AGE_003,F,86,,
2021-05-05,USR_001,AGE_003,M,80,,
2021-05-05,USR_001,AGE_004,F,124,,
2021-05-05,USR_001,AGE_004,M,104,,
2021-05-05,USR_001,AGE_005,F,18,,
2021-05-05,USR_001,AGE_005,M,44,,
2021-05-05,USR_001,AGE_006,F,7,,
2021-05-05,USR_001,AGE_006,M,12,,
2021-05-05,USR_001,AGE_007,F,2,,
2021-05-05,USR_001,AGE_008,F,3161,,
2021-05-05,USR_001,AGE_008,M,2913,,
2021-05-06,USR_001,AGE_001,F,29,,
2021-05-06,USR_001,AGE_001,M,11,,
2021-05-06,USR_001,AGE_002,F,70,,
2021-05-06,USR_001,AGE_002,M,44,,
2021-05-06,USR_001,AGE_003,F,37,,
2021-05-06,USR_001,AGE_003,M,53,,
2021-05-06,USR_001,AGE_004,F,37,,
2021-05-06,USR_001,AGE_004,M,38,,
2021-05-06,USR_001,AGE_005,F,14,,
2021-05-06,USR_001,AGE_005,M,19,,
2021-05-06,USR_001,AGE_006,M,5,,
2021-05-06,USR_001,AGE_007,M,2,,
2021-05-06,USR_001,AGE_008,F,1296,,
2021-05-06,USR_001,AGE_008,M,1120,,
2021-05-07,USR_001,AGE_001,F,15,,
2021-05-07,USR_001,AGE_001,M,16,,
2021-05-07,USR_001,AGE_002,F,37,,
2021-05-07,USR_001,AGE_002,M,20,,
2021-05-07,USR_001,AGE_003,F,31,,
2021-05-07,USR_001,AGE_003,M,25,,
2021-05-07,USR_001,AGE_004,F,23,,
2021-05-07,USR_001,AGE_004,M,21,,
2021-05-07,USR_001,AGE_005,F,8,,
2021-05-07,USR_001,AGE_005,M,14,,
2021-05-07,USR_001,AGE_006,F,2,,
2021-05-07,USR_001,AGE_006,M,2,,
2021-05-07,USR_001,AGE_008,F,749,,
2021-05-07,USR_001,AGE_008,M,846,,
2021-05-08,USR_001,AGE_001,F,20,,
2021-05-08,USR_001,AGE_001,M,10,,
2021-05-08,USR_001,AGE_002,F,37,,
2021-05-08,USR_001,AGE_002,M,38,,
2021-05-08,USR_001,AGE_003,F,15,,
2021-05-08,USR_001,AGE_003,M,27,,
2021-05-08,USR_001,AGE_004,F,35,,
2021-05-08,USR_001,AGE_004,M,25,,
2021-05-08,USR_001,AGE_005,F,8,,
2021-05-08,USR_001,AGE_005,M,16,,
2021-05-08,USR_001,AGE_006,F,3,,
2021-05-08,USR_001,AGE_006,M,4,,
2021-05-08,USR_001,AGE_007,F,1,,
2021-05-08,USR_001,AGE_007,M,2,,
2021-05-08,USR_001,AGE_008,F,1070,,
2021-05-08,USR_001,AGE_008,M,1109,,
2021-05-09,USR_001,AGE_001,F,28,,
2021-05-09,USR_001,AGE_001,M,23,,
2021-05-09,USR_001,AGE_002,F,95,,
2021-05-09,USR_001,AGE_002,M,91,,
2021-05-09,USR_001,AGE_003,F,90,,
2021-05-09,USR_001,AGE_003,M,91,,
2021-05-09,USR_001,AGE_004,F,91,,
2021-05-09,USR_001,AGE_004,M,77,,
2021-05-09,USR_001,AGE_005,F,18,,
2021-05-09,USR_001,AGE_005,M,30,,
2021-05-09,USR_001,AGE_006,F,3,,
2021-05-09,USR_001,AGE_006,M,14,,
2021-05-09,USR_001,AGE_007,F,1,,
2021-05-09,USR_001,AGE_007,M,2,,
2021-05-09,USR_001,AGE_008,F,2293,,
2021-05-09,USR_001,AGE_008,M,2278,,
2021-05-10,USR_001,AGE_001,F,14,,
2021-05-10,USR_001,AGE_001,M,11,,
2021-05-10,USR_001,AGE_002,F,31,,
2021-05-10,USR_001,AGE_002,M,41,,
2021-05-10,USR_001,AGE_003,F,25,,
2021-05-10,USR_001,AGE_003,M,34,,
2021-05-10,USR_001,AGE_004,F,16,,
2021-05-10,USR_001,AGE_004,M,31,,
2021-05-10,USR_001,AGE_005,F,8,,
2021-05-10,USR_001,AGE_005,M,14,,
2021-05-10,USR_001,AGE_006,F,2,,
2021-05-10,USR_001,AGE_006,M,6,,
2021-05-10,USR_001,AGE_008,F,574,,
2021-05-10,USR_001,AGE_008,M,705,,
2021-05-11,USR_001,AGE_001,F,15,,
2021-05-11,USR_001,AGE_001,M,6,,
2021-05-11,USR_001,AGE_002,F,61,,
2021-05-11,USR_001,AGE_002,M,50,,
2021-05-11,USR_001,AGE_003,F,49,,
2021-05-11,USR_001,AGE_003,M,36,,
2021-05-11,USR_001,AGE_004,F,31,,
2021-05-11,USR_001,AGE_004,M,29,,
2021-05-11,USR_001,AGE_005,F,9,,
2021-05-11,USR_001,AGE_005,M,16,,
2021-05-11,USR_001,AGE_006,F,5,,
2021-05-11,USR_001,AGE_006,M,6,,
2021-05-11,USR_001,AGE_007,M,2,,
2021-05-11,USR_001,AGE_008,F,1226,,
2021-05-11,USR_001,AGE_008,M,1154,,
2021-05-12,USR_001,AGE_001,F,18,,
2021-05-12,USR_001,AGE_001,M,9,,
2021-05-12,USR_001,AGE_002,F,81,,
2021-05-12,USR_001,AGE_002,M,67,,
2021-05-12,USR_001,AGE_003,F,44,,
2021-05-12,USR_001,AGE_003,M,50,,
2021-05-12,USR_001,AGE_004,F,28,,
2021-05-12,USR_001,AGE_004,M,33,,
2021-05-12,USR_001,AGE_005,F,16,,
2021-05-12,USR_001,AGE_005,M,15,,
2021-05-12,USR_001,AGE_006,F,4,,
2021-05-12,USR_001,AGE_006,M,4,,
2021-05-12,USR_001,AGE_007,F,1,,
2021-05-12,USR_001,AGE_008,F,1145,,
2021-05-12,USR_001,AGE_008,M,1170,,
2021-05-13,USR_001,AGE_001,F,9,,
2021-05-13,USR_001,AGE_001,M,17,,
2021-05-13,USR_001,AGE_002,F,53,,
2021-05-13,USR_001,AGE_002,M,51,,
2021-05-13,USR_001,AGE_003,F,47,,
2021-05-13,USR_001,AGE_003,M,49,,
2021-05-13,USR_001,AGE_004,F,33,,
2021-05-13,USR_001,AGE_004,M,50,,
2021-05-13,USR_001,AGE_005,F,14,,
2021-05-13,USR_001,AGE_005,M,23,,
2021-05-13,USR_001,AGE_006,M,8,,
2021-05-13,USR_001,AGE_007,M,1,,
2021-05-13,USR_001,AGE_008,F,1196,,
2021-05-13,USR_001,AGE_008,M,1249,,
2021-05-14,USR_001,AGE_001,F,25,,
2021-05-14,USR_001,AGE_001,M,11,,
2021-05-14,USR_001,AGE_002,F,66,,
2021-05-14,USR_001,AGE_002,M,49,,
2021-05-14,USR_001,AGE_003,F,42,,
2021-05-14,USR_001,AGE_003,M,47,,
2021-05-14,USR_001,AGE_004,F,29,,
2021-05-14,USR_001,AGE_004,M,32,,
2021-05-14,USR_001,AGE_005,F,11,,
2021-05-14,USR_001,AGE_005,M,10,,
2021-05-14,USR_001,AGE_006,M,9,,
2021-05-14,USR_001,AGE_007,M,1,,
2021-05-14,USR_001,AGE_008,F,1197,,
2021-05-14,USR_001,AGE_008,M,1204,,
2021-05-15,USR_001,AGE_001,F,3,,
2021-05-15,USR_001,AGE_001,M,8,,
2021-05-15,USR_001,AGE_002,F,11,,
2021-05-15,USR_001,AGE_002,M,20,,
2021-05-15,USR_001,AGE_003,F,7,,
2021-05-15,USR_001,AGE_003,M,26,,
2021-05-15,USR_001,AGE_004,F,11,,
2021-05-15,USR_001,AGE_004,M,14,,
2021-05-15,USR_001,AGE_005,F,7,,
2021-05-15,USR_001,AGE_005,M,10,,
2021-05-15,USR_001,AGE_006,F,3,,
2021-05-15,USR_001,AGE_006,M,1,,
2021-05-15,USR_001,AGE_008,F,411,,
2021-05-15,USR_001,AGE_008,M,504,,
2021-05-16,USR_001,AGE_001,F,2,,
2021-05-16,USR_001,AGE_001,M,1,,
2021-05-16,USR_001,AGE_002,F,4,,
2021-05-16,USR_001,AGE_002,M,4,,
2021-05-16,USR_001,AGE_003,F,6,,
2021-05-16,USR_001,AGE_003,M,7,,
2021-05-16,USR_001,AGE_004,F,10,,
2021-05-16,USR_001,AGE_004,M,4,,
2021-05-16,USR_001,AGE_005,F,1,,
2021-05-16,USR_001,AGE_005,M,1,,
2021-05-16,USR_001,AGE_006,F,5,,
2021-05-16,USR_001,AGE_008,F,157,,
2021-05-16,USR_001,AGE_008,M,149,,
2021-05-17,USR_001,AGE_001,F,7,,
2021-05-17,USR_001,AGE_001,M,4,,
2021-05-17,USR_001,AGE_002,F,19,,
2021-05-17,USR_001,AGE_002,M,17,,
2021-05-17,USR_001,AGE_003,F,16,,
2021-05-17,USR_001,AGE_003,M,15,,
2021-05-17,USR_001,AGE_004,F,13,,
2021-05-17,USR_001,AGE_004,M,14,,
2021-05-17,USR_001,AGE_005,F,6,,
2021-05-17,USR_001,AGE_005,M,7,,
2021-05-17,USR_001,AGE_006,F,3,,
2021-05-17,USR_001,AGE_006,M,2,,
2021-05-17,USR_001,AGE_007,F,1,,
2021-05-17,USR_001,AGE_008,F,365,,
2021-05-17,USR_001,AGE_008,M,393,,
2021-05-18,USR_001,AGE_001,F,12,,
2021-05-18,USR_001,AGE_001,M,13,,
2021-05-18,USR_001,AGE_002,F,44,,
2021-05-18,USR_001,AGE_002,M,49,,
2021-05-18,USR_001,AGE_003,F,36,,
2021-05-18,USR_001,AGE_003,M,35,,
2021-05-18,USR_001,AGE_004,F,18,,
2021-05-18,USR_001,AGE_004,M,25,,
2021-05-18,USR_001,AGE_005,F,13,,
2021-05-18,USR_001,AGE_005,M,14,,
2021-05-18,USR_001,AGE_006,F,2,,
2021-05-18,USR_001,AGE_006,M,2,,
2021-05-18,USR_001,AGE_007,F,1,,
2021-05-18,USR_001,AGE_007,M,1,,
2021-05-18,USR_001,AGE_008,F,1179,,
2021-05-18,USR_001,AGE_008,M,1011,,
2021-05-19,USR_001,AGE_001,F,45,,
2021-05-19,USR_001,AGE_001,M,32,,
2021-05-19,USR_001,AGE_002,F,100,,
2021-05-19,USR_001,AGE_002,M,73,,
2021-05-19,USR_001,AGE_003,F,57,,
2021-05-19,USR_001,AGE_003,M,64,,
2021-05-19,USR_001,AGE_004,F,58,,
2021-05-19,USR_001,AGE_004,M,65,,
2021-05-19,USR_001,AGE_005,F,21,,
2021-05-19,USR_001,AGE_005,M,19,,
2021-05-19,USR_001,AGE_006,F,2,,
2021-05-19,USR_001,AGE_006,M,6,,
2021-05-19,USR_001,AGE_007,F,1,,
2021-05-19,USR_001,AGE_007,M,1,,
2021-05-19,USR_001,AGE_008,F,2628,,
2021-05-19,USR_001,AGE_008,M,2388,,
2021-05-20,USR_001,AGE_001,F,3,,
2021-05-20,USR_001,AGE_001,M,3,,
2021-05-20,USR_001,AGE_002,F,21,,
2021-05-20,USR_001,AGE_002,M,17,,
2021-05-20,USR_001,AGE_003,F,22,,
2021-05-20,USR_001,AGE_003,M,15,,
2021-05-20,USR_001,AGE_004,F,11,,
2021-05-20,USR_001,AGE_004,M,17,,
2021-05-20,USR_001,AGE_005,F,7,,
2021-05-20,USR_001,AGE_005,M,12,,
2021-05-20,USR_001,AGE_006,M,8,,
2021-05-20,USR_001,AGE_007,M,1,,
2021-05-20,USR_001,AGE_008,F,515,,
2021-05-20,USR_001,AGE_008,M,497,,
2021-05-21,USR_001,AGE_001,F,9,,
2021-05-21,USR_001,AGE_001,M,7,,
2021-05-21,USR_001,AGE_002,F,34,,
2021-05-21,USR_001,AGE_002,M,21,,
2021-05-21,USR_001,AGE_003,F,24,,
2021-05-21,USR_001,AGE_003,M,30,,
2021-05-21,USR_001,AGE_004,F,12,,
2021-05-21,USR_001,AGE_004,M,23,,
2021-05-21,USR_001,AGE_005,F,8,,
2021-05-21,USR_001,AGE_005,M,14,,
2021-05-21,USR_001,AGE_006,F,2,,
2021-05-21,USR_001,AGE_006,M,8,,
2021-05-21,USR_001,AGE_008,F,633,,
2021-05-21,USR_001,AGE_008,M,672,,
2021-05-22,USR_001,AGE_001,F,19,,
2021-05-22,USR_001,AGE_001,M,25,,
2021-05-22,USR_001,AGE_002,F,84,,
2021-05-22,USR_001,AGE_002,M,66,,
2021-05-22,USR_001,AGE_003,F,61,,
2021-05-22,USR_001,AGE_003,M,59,,
2021-05-22,USR_001,AGE_004,F,67,,
2021-05-22,USR_001,AGE_004,M,62,,
2021-05-22,USR_001,AGE_005,F,10,,
2021-05-22,USR_001,AGE_005,M,14,,
2021-05-22,USR_001,AGE_006,F,7,,
2021-05-22,USR_001,AGE_006,M,13,,
2021-05-22,USR_001,AGE_008,F,2321,,
2021-05-22,USR_001,AGE_008,M,2134,,
2021-05-23,USR_001,AGE_001,F,33,,
2021-05-23,USR_001,AGE_001,M,31,,
2021-05-23,USR_001,AGE_002,F,83,,
2021-05-23,USR_001,AGE_002,M,49,,
2021-05-23,USR_001,AGE_003,F,58,,
2021-05-23,USR_001,AGE_003,M,67,,
2021-05-23,USR_001,AGE_004,F,76,,
2021-05-23,USR_001,AGE_004,M,75,,
2021-05-23,USR_001,AGE_005,F,10,,
2021-05-23,USR_001,AGE_005,M,33,,
2021-05-23,USR_001,AGE_006,F,6,,
2021-05-23,USR_001,AGE_006,M,8,,
2021-05-23,USR_001,AGE_007,M,1,,
2021-05-23,USR_001,AGE_008,F,1961,,
2021-05-23,USR_001,AGE_008,M,1881,,
2021-05-24,USR_001,AGE_001,F,11,,
2021-05-24,USR_001,AGE_001,M,2,,
2021-05-24,USR_001,AGE_002,F,42,,
2021-05-24,USR_001,AGE_002,M,30,,
2021-05-24,USR_001,AGE_003,F,40,,
2021-05-24,USR_001,AGE_003,M,42,,
2021-05-24,USR_001,AGE_004,F,29,,
2021-05-24,USR_001,AGE_004,M,25,,
2021-05-24,USR_001,AGE_005,F,21,,
2021-05-24,USR_001,AGE_005,M,23,,
2021-05-24,USR_001,AGE_006,F,2,,
2021-05-24,USR_001,AGE_006,M,11,,
2021-05-24,USR_001,AGE_007,F,1,,
2021-05-24,USR_001,AGE_008,F,977,,
2021-05-24,USR_001,AGE_008,M,1017,,
2021-05-25,USR_001,AGE_001,F,8,,
2021-05-25,USR_001,AGE_001,M,7,,
2021-05-25,USR_001,AGE_002,F,30,,
2021-05-25,USR_001,AGE_002,M,27,,
2021-05-25,USR_001,AGE_003,F,24,,
2021-05-25,USR_001,AGE_003,M,27,,
2021-05-25,USR_001,AGE_004,F,15,,
2021-05-25,USR_001,AGE_004,M,21,,
2021-05-25,USR_001,AGE_005,F,13,,
2021-05-25,USR_001,AGE_005,M,15,,
2021-05-25,USR_001,AGE_006,M,8,,
2021-05-25,USR_001,AGE_007,M,1,,
2021-05-25,USR_001,AGE_008,F,814,,
2021-05-25,USR_001,AGE_008,M,749,,
2021-05-26,USR_001,AGE_001,F,12,,
2021-05-26,USR_001,AGE_001,M,8,,
2021-05-26,USR_001,AGE_002,F,34,,
2021-05-26,USR_001,AGE_002,M,31,,
2021-05-26,USR_001,AGE_003,F,26,,
2021-05-26,USR_001,AGE_003,M,48,,
2021-05-26,USR_001,AGE_004,F,17,,
2021-05-26,USR_001,AGE_004,M,43,,
2021-05-26,USR_001,AGE_005,F,12,,
2021-05-26,USR_001,AGE_005,M,15,,
2021-05-26,USR_001,AGE_006,F,7,,
2021-05-26,USR_001,AGE_006,M,10,,
2021-05-26,USR_001,AGE_007,M,1,,
2021-05-26,USR_001,AGE_008,F,818,,
2021-05-26,USR_001,AGE_008,M,858,,
2021-05-27,USR_001,AGE_001,F,7,,
2021-05-27,USR_001,AGE_001,M,7,,
2021-05-27,USR_001,AGE_002,F,21,,
2021-05-27,USR_001,AGE_002,M,19,,
2021-05-27,USR_001,AGE_003,F,15,,
2021-05-27,USR_001,AGE_003,M,21,,
2021-05-27,USR_001,AGE_004,F,22,,
2021-05-27,USR_001,AGE_004,M,28,,
2021-05-27,USR_001,AGE_005,F,10,,
2021-05-27,USR_001,AGE_005,M,12,,
2021-05-27,USR_001,AGE_006,F,3,,
2021-05-27,USR_001,AGE_006,M,9,,
2021-05-27,USR_001,AGE_007,M,1,,
2021-05-27,USR_001,AGE_008,F,498,,
2021-05-27,USR_001,AGE_008,M,573,,
2021-05-28,USR_001,AGE_001,F,15,,
2021-05-28,USR_001,AGE_001,M,6,,
2021-05-28,USR_001,AGE_002,F,18,,
2021-05-28,USR_001,AGE_002,M,28,,
2021-05-28,USR_001,AGE_003,F,18,,
2021-05-28,USR_001,AGE_003,M,21,,
2021-05-28,USR_001,AGE_004,F,15,,
2021-05-28,USR_001,AGE_004,M,24,,
2021-05-28,USR_001,AGE_005,F,12,,
2021-05-28,USR_001,AGE_005,M,12,,
2021-05-28,USR_001,AGE_006,F,1,,
2021-05-28,USR_001,AGE_006,M,4,,
2021-05-28,USR_001,AGE_008,F,668,,
2021-05-28,USR_001,AGE_008,M,660,,
2021-05-29,USR_001,AGE_001,F,15,,
2021-05-29,USR_001,AGE_001,M,10,,
2021-05-29,USR_001,AGE_002,F,24,,
2021-05-29,USR_001,AGE_002,M,20,,
2021-05-29,USR_001,AGE_003,F,28,,
2021-05-29,USR_001,AGE_003,M,21,,
2021-05-29,USR_001,AGE_004,F,16,,
2021-05-29,USR_001,AGE_004,M,32,,
2021-05-29,USR_001,AGE_005,F,13,,
2021-05-29,USR_001,AGE_005,M,11,,
2021-05-29,USR_001,AGE_006,F,1,,
2021-05-29,USR_001,AGE_006,M,3,,
2021-05-29,USR_001,AGE_007,M,1,,
2021-05-29,USR_001,AGE_008,F,744,,
2021-05-29,USR_001,AGE_008,M,829,,
2021-05-30,USR_001,AGE_001,F,21,,
2021-05-30,USR_001,AGE_001,M,8,,
2021-05-30,USR_001,AGE_002,F,57,,
2021-05-30,USR_001,AGE_002,M,51,,
2021-05-30,USR_001,AGE_003,F,58,,
2021-05-30,USR_001,AGE_003,M,59,,
2021-05-30,USR_001,AGE_004,F,65,,
2021-05-30,USR_001,AGE_004,M,60,,
2021-05-30,USR_001,AGE_005,F,18,,
2021-05-30,USR_001,AGE_005,M,25,,
2021-05-30,USR_001,AGE_006,F,4,,
2021-05-30,USR_001,AGE_006,M,1,,
2021-05-30,USR_001,AGE_008,F,1577,,
2021-05-30,USR_001,AGE_008,M,1555,,
2021-05-31,USR_001,AGE_001,F,6,,
2021-05-31,USR_001,AGE_001,M,5,,
2021-05-31,USR_001,AGE_002,F,34,,
2021-05-31,USR_001,AGE_002,M,29,,
2021-05-31,USR_001,AGE_003,F,33,,
2021-05-31,USR_001,AGE_003,M,40,,
2021-05-31,USR_001,AGE_004,F,24,,
2021-05-31,USR_001,AGE_004,M,28,,
2021-05-31,USR_001,AGE_005,F,5,,
2021-05-31,USR_001,AGE_005,M,9,,
2021-05-31,USR_001,AGE_006,F,3,,
2021-05-31,USR_001,AGE_006,M,5,,
2021-05-31,USR_001,AGE_007,F,1,,
2021-05-31,USR_001,AGE_007,M,1,,
2021-05-31,USR_001,AGE_008,F,728,,
2021-05-31,USR_001,AGE_008,M,780,,
2021-06-01,USR_001,AGE_001,F,4,71941,
2021-06-01,USR_001,AGE_001,M,4,,
2021-06-01,USR_001,AGE_002,F,32,,
2021-06-01,USR_001,AGE_002,M,32,,
2021-06-01,USR_001,AGE_003,F,26,,
2021-06-01,USR_001,AGE_003,M,32,,
2021-06-01,USR_001,AGE_004,F,28,,
2021-06-01,USR_001,AGE_004,M,31,,
2021-06-01,USR_001,AGE_005,F,14,,
2021-06-01,USR_001,AGE_005,M,21,,
2021-06-01,USR_001,AGE_006,F,1,,
2021-06-01,USR_001,AGE_006,M,4,,
2021-06-01,USR_001,AGE_008,F,736,,
2021-06-01,USR_001,AGE_008,M,863,,
2021-06-02,USR_001,AGE_001,F,4,,
2021-06-02,USR_001,AGE_001,M,4,,
2021-06-02,USR_001,AGE_002,F,39,,
2021-06-02,USR_001,AGE_002,M,24,,
2021-06-02,USR_001,AGE_003,F,38,,
2021-06-02,USR_001,AGE_003,M,37,,
2021-06-02,USR_001,AGE_004,F,23,,
2021-06-02,USR_001,AGE_004,M,34,,
2021-06-02,USR_001,AGE_005,F,11,,
2021-06-02,USR_001,AGE_005,M,22,,
2021-06-02,USR_001,AGE_006,F,1,,
2021-06-02,USR_001,AGE_006,M,4,,
2021-06-02,USR_001,AGE_007,M,2,,
2021-06-02,USR_001,AGE_008,F,834,,
2021-06-02,USR_001,AGE_008,M,900,,
2021-06-03,USR_001,AGE_001,F,2,,
2021-06-03,USR_001,AGE_001,M,1,,
2021-06-03,USR_001,AGE_002,F,12,,
2021-06-03,USR_001,AGE_002,M,14,,
2021-06-03,USR_001,AGE_003,F,13,,
2021-06-03,USR_001,AGE_003,M,24,,
2021-06-03,USR_001,AGE_004,F,13,,
2021-06-03,USR_001,AGE_004,M,15,,
2021-06-03,USR_001,AGE_005,F,8,,
2021-06-03,USR_001,AGE_005,M,13,,
2021-06-03,USR_001,AGE_006,M,3,,
2021-06-03,USR_001,AGE_007,F,2,,
2021-06-03,USR_001,AGE_008,F,295,,
2021-06-03,USR_001,AGE_008,M,387,,
2021-06-04,USR_001,AGE_001,F,11,,
2021-06-04,USR_001,AGE_001,M,14,,
2021-06-04,USR_001,AGE_002,F,35,,
2021-06-04,USR_001,AGE_002,M,35,,
2021-06-04,USR_001,AGE_003,F,32,,
2021-06-04,USR_001,AGE_003,M,39,,
2021-06-04,USR_001,AGE_004,F,24,,
2021-06-04,USR_001,AGE_004,M,22,,
2021-06-04,USR_001,AGE_005,F,5,,
2021-06-04,USR_001,AGE_005,M,17,,
2021-06-04,USR_001,AGE_006,F,3,,
2021-06-04,USR_001,AGE_006,M,5,,
2021-06-04,USR_001,AGE_008,F,972,,
2021-06-04,USR_001,AGE_008,M,1095,,
2021-06-05,USR_001,AGE_001,F,23,,
2021-06-05,USR_001,AGE_001,M,20,,
2021-06-05,USR_001,AGE_002,F,89,,
2021-06-05,USR_001,AGE_002,M,65,,
2021-06-05,USR_001,AGE_003,F,46,,
2021-06-05,USR_001,AGE_003,M,84,,
2021-06-05,USR_001,AGE_004,F,54,,
2021-06-05,USR_001,AGE_004,M,52,,
2021-06-05,USR_001,AGE_005,F,22,,
2021-06-05,USR_001,AGE_005,M,22,,
2021-06-05,USR_001,AGE_006,F,1,,
2021-06-05,USR_001,AGE_006,M,5,,
2021-06-05,USR_001,AGE_007,M,1,,
2021-06-05,USR_001,AGE_008,F,1945,,
2021-06-05,USR_001,AGE_008,M,1859,,
2021-06-06,USR_001,AGE_001,F,11,,
2021-06-06,USR_001,AGE_001,M,14,,
2021-06-06,USR_001,AGE_002,F,52,,
2021-06-06,USR_001,AGE_002,M,42,,
2021-06-06,USR_001,AGE_003,F,61,,
2021-06-06,USR_001,AGE_003,M,57,,
2021-06-06,USR_001,AGE_004,F,57,,
2021-06-06,USR_001,AGE_004,M,50,,
2021-06-06,USR_001,AGE_005,F,16,,
2021-06-06,USR_001,AGE_005,M,14,,
2021-06-06,USR_001,AGE_006,F,3,,
2021-06-06,USR_001,AGE_006,M,5,,
2021-06-06,USR_001,AGE_008,F,1664,,
2021-06-06,USR_001,AGE_008,M,1813,,
2021-06-07,USR_001,AGE_001,F,13,,
2021-06-07,USR_001,AGE_001,M,7,,
2021-06-07,USR_001,AGE_002,F,31,,
2021-06-07,USR_001,AGE_002,M,34,,
2021-06-07,USR_001,AGE_003,F,27,,
2021-06-07,USR_001,AGE_003,M,39,,
2021-06-07,USR_001,AGE_004,F,31,,
2021-06-07,USR_001,AGE_004,M,41,,
2021-06-07,USR_001,AGE_005,F,12,,
2021-06-07,USR_001,AGE_005,M,22,,
2021-06-07,USR_001,AGE_006,F,1,,
2021-06-07,USR_001,AGE_006,M,6,,
2021-06-07,USR_001,AGE_008,F,865,,
2021-06-07,USR_001,AGE_008,M,882,,
2021-06-08,USR_001,AGE_001,F,9,,
2021-06-08,USR_001,AGE_001,M,5,,
2021-06-08,USR_001,AGE_002,F,31,,
2021-06-08,USR_001,AGE_002,M,32,,
2021-06-08,USR_001,AGE_003,F,27,,
2021-06-08,USR_001,AGE_003,M,37,,
2021-06-08,USR_001,AGE_004,F,30,,
2021-06-08,USR_001,AGE_004,M,32,,
2021-06-08,USR_001,AGE_005,F,10,,
2021-06-08,USR_001,AGE_005,M,12,,
2021-06-08,USR_001,AGE_006,F,2,,
2021-06-08,USR_001,AGE_006,M,3,,
2021-06-08,USR_001,AGE_008,F,770,,
2021-06-08,USR_001,AGE_008,M,907,,
2021-06-09,USR_001,AGE_001,F,6,,
2021-06-09,USR_001,AGE_001,M,9,,
2021-06-09,USR_001,AGE_002,F,34,,
2021-06-09,USR_001,AGE_002,M,22,,
2021-06-09,USR_001,AGE_003,F,36,,
2021-06-09,USR_001,AGE_003,M,19,,
2021-06-09,USR_001,AGE_004,F,20,,
2021-06-09,USR_001,AGE_004,M,27,,
2021-06-09,USR_001,AGE_005,F,7,,
2021-06-09,USR_001,AGE_005,M,12,,
2021-06-09,USR_001,AGE_007,M,1,,
2021-06-09,USR_001,AGE_008,F,727,,
2021-06-09,USR_001,AGE_008,M,839,,
2021-06-10,USR_001,AGE_001,F,6,,
2021-06-10,USR_001,AGE_001,M,5,,
2021-06-10,USR_001,AGE_002,F,26,,
2021-06-10,USR_001,AGE_002,M,25,,
2021-06-10,USR_001,AGE_003,F,16,,
2021-06-10,USR_001,AGE_003,M,25,,
2021-06-10,USR_001,AGE_004,F,16,,
2021-06-10,USR_001,AGE_004,M,16,,
2021-06-10,USR_001,AGE_005,F,12,,
2021-06-10,USR_001,AGE_005,M,12,,
2021-06-10,USR_001,AGE_006,F,2,,
2021-06-10,USR_001,AGE_006,M,3,,
2021-06-10,USR_001,AGE_008,F,477,,
2021-06-10,USR_001,AGE_008,M,532,,
2021-06-11,USR_001,AGE_001,F,7,,
2021-06-11,USR_001,AGE_001,M,7,,
2021-06-11,USR_001,AGE_002,F,29,,
2021-06-11,USR_001,AGE_002,M,32,,
2021-06-11,USR_001,AGE_003,F,28,,
2021-06-11,USR_001,AGE_003,M,31,,
2021-06-11,USR_001,AGE_004,F,20,,
2021-06-11,USR_001,AGE_004,M,27,,
2021-06-11,USR_001,AGE_005,F,13,,
2021-06-11,USR_001,AGE_005,M,25,,
2021-06-11,USR_001,AGE_006,F,3,,
2021-06-11,USR_001,AGE_006,M,4,,
2021-06-11,USR_001,AGE_008,F,756,,
2021-06-11,USR_001,AGE_008,M,806,,
2021-06-12,USR_001,AGE_001,F,12,,
2021-06-12,USR_001,AGE_001,M,13,,
2021-06-12,USR_001,AGE_002,F,54,,
2021-06-12,USR_001,AGE_002,M,35,,
2021-06-12,USR_001,AGE_003,F,36,,
2021-06-12,USR_001,AGE_003,M,48,,
2021-06-12,USR_001,AGE_004,F,38,,
2021-06-12,USR_001,AGE_004,M,49,,
2021-06-12,USR_001,AGE_005,F,6,,
2021-06-12,USR_001,AGE_005,M,22,,
2021-06-12,USR_001,AGE_006,M,4,,
2021-06-12,USR_001,AGE_008,F,1483,,
2021-06-12,USR_001,AGE_008,M,1456,,
2021-06-13,USR_001,AGE_001,F,12,,
2021-06-13,USR_001,AGE_001,M,13,,
2021-06-13,USR_001,AGE_002,F,46,,
2021-06-13,USR_001,AGE_002,M,49,,
2021-06-13,USR_001,AGE_003,F,71,,
2021-06-13,USR_001,AGE_003,M,57,,
2021-06-13,USR_001,AGE_004,F,54,,
2021-06-13,USR_001,AGE_004,M,71,,
2021-06-13,USR_001,AGE_005,F,25,,
2021-06-13,USR_001,AGE_005,M,29,,
2021-06-13,USR_001,AGE_006,F,3,,
2021-06-13,USR_001,AGE_006,M,32,,
2021-06-13,USR_001,AGE_007,M,3,,
2021-06-13,USR_001,AGE_008,F,1384,,
2021-06-13,USR_001,AGE_008,M,1605,,
2021-06-14,USR_001,AGE_001,F,11,,
2021-06-14,USR_001,AGE_001,M,7,,
2021-06-14,USR_001,AGE_002,F,31,,
2021-06-14,USR_001,AGE_002,M,37,,
2021-06-14,USR_001,AGE_003,F,33,,
2021-06-14,USR_001,AGE_003,M,46,,
2021-06-14,USR_001,AGE_004,F,41,,
2021-06-14,USR_001,AGE_004,M,57,,
2021-06-14,USR_001,AGE_005,F,13,,
2021-06-14,USR_001,AGE_005,M,38,,
2021-06-14,USR_001,AGE_006,F,6,,
2021-06-14,USR_001,AGE_006,M,16,,
2021-06-14,USR_001,AGE_007,F,1,,
2021-06-14,USR_001,AGE_007,M,2,,
2021-06-14,USR_001,AGE_008,,30,,
2021-06-14,USR_001,AGE_008,F,861,,
2021-06-14,USR_001,AGE_008,M,1172,,
2021-06-15,USR_001,AGE_001,F,4,,
2021-06-15,USR_001,AGE_001,M,6,,
2021-06-15,USR_001,AGE_002,F,22,,
2021-06-15,USR_001,AGE_002,M,28,,
2021-06-15,USR_001,AGE_003,F,23,,
2021-06-15,USR_001,AGE_003,M,35,,
2021-06-15,USR_001,AGE_004,F,23,,
2021-06-15,USR_001,AGE_004,M,38,,
2021-06-15,USR_001,AGE_005,F,11,,
2021-06-15,USR_001,AGE_005,M,20,,
2021-06-15,USR_001,AGE_006,F,4,,
2021-06-15,USR_001,AGE_006,M,8,,
2021-06-15,USR_001,AGE_008,F,663,,
2021-06-15,USR_001,AGE_008,M,964,,
2021-06-16,USR_001,AGE_001,F,12,,
2021-06-16,USR_001,AGE_001,M,8,,
2021-06-16,USR_001,AGE_002,F,31,,
2021-06-16,USR_001,AGE_002,M,37,,
2021-06-16,USR_001,AGE_003,F,31,,
2021-06-16,USR_001,AGE_003,M,28,,
2021-06-16,USR_001,AGE_004,F,29,,
2021-06-16,USR_001,AGE_004,M,50,,
2021-06-16,USR_001,AGE_005,F,7,,
2021-06-16,USR_001,AGE_005,M,26,,
2021-06-16,USR_001,AGE_006,F,2,,
2021-06-16,USR_001,AGE_006,M,11,,
2021-06-16,USR_001,AGE_008,F,1057,,
2021-06-16,USR_001,AGE_008,M,1267,,
2021-06-17,USR_001,AGE_001,F,10,,
2021-06-17,USR_001,AGE_001,M,5,,
2021-06-17,USR_001,AGE_002,F,15,,
2021-06-17,USR_001,AGE_002,M,27,,
2021-06-17,USR_001,AGE_003,F,22,,
2021-06-17,USR_001,AGE_003,M,30,,
2021-06-17,USR_001,AGE_004,F,15,,
2021-06-17,USR_001,AGE_004,M,26,,
2021-06-17,USR_001,AGE_005,F,11,,
2021-06-17,USR_001,AGE_005,M,20,,
2021-06-17,USR_001,AGE_006,F,2,,
2021-06-17,USR_001,AGE_006,M,12,,
2021-06-17,USR_001,AGE_008,F,701,,
2021-06-17,USR_001,AGE_008,M,829,,
2021-06-18,USR_001,AGE_001,F,2,,
2021-06-18,USR_001,AGE_001,M,4,,
2021-06-18,USR_001,AGE_002,F,24,,
2021-06-18,USR_001,AGE_002,M,19,,
2021-06-18,USR_001,AGE_003,F,19,,
2021-06-18,USR_001,AGE_003,M,30,,
2021-06-18,USR_001,AGE_004,F,10,,
2021-06-18,USR_001,AGE_004,M,26,,
2021-06-18,USR_001,AGE_005,F,6,,
2021-06-18,USR_001,AGE_005,M,8,,
2021-06-18,USR_001,AGE_006,M,12,,
2021-06-18,USR_001,AGE_007,M,2,,
2021-06-18,USR_001,AGE_008,F,607,,
2021-06-18,USR_001,AGE_008,M,733,,
2021-06-19,USR_001,AGE_001,F,9,,
2021-06-19,USR_001,AGE_001,M,10,,
2021-06-19,USR_001,AGE_002,F,57,,
2021-06-19,USR_001,AGE_002,M,70,,
2021-06-19,USR_001,AGE_003,F,37,,
2021-06-19,USR_001,AGE_003,M,48,,
2021-06-19,USR_001,AGE_004,F,36,,
2021-06-19,USR_001,AGE_004,M,34,,
2021-06-19,USR_001,AGE_005,F,12,,
2021-06-19,USR_001,AGE_005,M,22,,
2021-06-19,USR_001,AGE_006,F,1,,
2021-06-19,USR_001,AGE_006,M,10,,
2021-06-19,USR_001,AGE_008,F,1733,,
2021-06-19,USR_001,AGE_008,M,1907,,
2021-06-20,USR_001,AGE_001,F,12,,
2021-06-20,USR_001,AGE_001,M,9,,
2021-06-20,USR_001,AGE_002,F,46,,
2021-06-20,USR_001,AGE_002,M,48,,
2021-06-20,USR_001,AGE_003,F,41,,
2021-06-20,USR_001,AGE_003,M,55,,
2021-06-20,USR_001,AGE_004,F,36,,
2021-06-20,USR_001,AGE_004,M,44,,
2021-06-20,USR_001,AGE_005,F,15,,
2021-06-20,USR_001,AGE_005,M,22,,
2021-06-20,USR_001,AGE_006,F,2,,
2021-06-20,USR_001,AGE_006,M,7,,
2021-06-20,USR_001,AGE_007,F,2,,
2021-06-20,USR_001,AGE_008,F,1609,,
2021-06-20,USR_001,AGE_008,M,1809,,
2021-06-21,USR_001,AGE_001,F,6,,
2021-06-21,USR_001,AGE_001,M,4,,
2021-06-21,USR_001,AGE_002,F,38,,
2021-06-21,USR_001,AGE_002,M,43,,
2021-06-21,USR_001,AGE_003,F,26,,
2021-06-21,USR_001,AGE_003,M,22,,
2021-06-21,USR_001,AGE_004,F,19,,
2021-06-21,USR_001,AGE_004,M,32,,
2021-06-21,USR_001,AGE_005,F,12,,
2021-06-21,USR_001,AGE_005,M,14,,
2021-06-21,USR_001,AGE_006,F,2,,
2021-06-21,USR_001,AGE_006,M,7,,
2021-06-21,USR_001,AGE_008,F,1025,,
2021-06-21,USR_001,AGE_008,M,1262,,
2021-06-22,USR_001,AGE_001,F,8,,
2021-06-22,USR_001,AGE_001,M,12,,
2021-06-22,USR_001,AGE_002,F,43,,
2021-06-22,USR_001,AGE_002,M,27,,
2021-06-22,USR_001,AGE_003,F,27,,
2021-06-22,USR_001,AGE_003,M,28,,
2021-06-22,USR_001,AGE_004,F,23,,
2021-06-22,USR_001,AGE_004,M,27,,
2021-06-22,USR_001,AGE_005,F,7,,
2021-06-22,USR_001,AGE_005,M,19,,
2021-06-22,USR_001,AGE_006,F,2,,
2021-06-22,USR_001,AGE_006,M,9,,
2021-06-22,USR_001,AGE_007,M,1,,
2021-06-22,USR_001,AGE_008,F,810,,
2021-06-22,USR_001,AGE_008,M,970,,
2021-06-23,USR_001,AGE_001,F,10,,
2021-06-23,USR_001,AGE_001,M,5,,
2021-06-23,USR_001,AGE_002,F,41,,
2021-06-23,USR_001,AGE_002,M,24,,
2021-06-23,USR_001,AGE_003,F,20,,
2021-06-23,USR_001,AGE_003,M,27,,
2021-06-23,USR_001,AGE_004,F,6,,
2021-06-23,USR_001,AGE_004,M,24,,
2021-06-23,USR_001,AGE_005,F,10,,
2021-06-23,USR_001,AGE_005,M,10,,
2021-06-23,USR_001,AGE_006,M,5,,
2021-06-23,USR_001,AGE_007,F,1,,
2021-06-23,USR_001,AGE_008,F,835,,
2021-06-23,USR_001,AGE_008,M,1012,,
2021-06-24,USR_001,AGE_001,F,9,,
2021-06-24,USR_001,AGE_001,M,6,,
2021-06-24,USR_001,AGE_002,F,32,,
2021-06-24,USR_001,AGE_002,M,35,,
2021-06-24,USR_001,AGE_003,F,19,,
2021-06-24,USR_001,AGE_003,M,27,,
2021-06-24,USR_001,AGE_004,F,17,,
2021-06-24,USR_001,AGE_004,M,25,,
2021-06-24,USR_001,AGE_005,F,11,,
2021-06-24,USR_001,AGE_005,M,15,,
2021-06-24,USR_001,AGE_006,F,1,,
2021-06-24,USR_001,AGE_006,M,6,,
2021-06-24,USR_001,AGE_007,M,1,,
2021-06-24,USR_001,AGE_008,F,1012,,
2021-06-24,USR_001,AGE_008,M,1126,,
2021-06-25,USR_001,AGE_001,F,11,,
2021-06-25,USR_001,AGE_001,M,9,,
2021-06-25,USR_001,AGE_002,F,39,,
2021-06-25,USR_001,AGE_002,M,33,,
2021-06-25,USR_001,AGE_003,F,26,,
2021-06-25,USR_001,AGE_003,M,30,,
2021-06-25,USR_001,AGE_004,F,17,,
2021-06-25,USR_001,AGE_004,M,25,,
2021-06-25,USR_001,AGE_005,F,5,,
2021-06-25,USR_001,AGE_005,M,10,,
2021-06-25,USR_001,AGE_006,F,2,,
2021-06-25,USR_001,AGE_006,M,4,,
2021-06-25,USR_001,AGE_007,M,1,,
2021-06-25,USR_001,AGE_008,F,1203,,
2021-06-25,USR_001,AGE_008,M,1229,,
2021-06-26,USR_001,AGE_001,F,7,,
2021-06-26,USR_001,AGE_001,M,11,,
2021-06-26,USR_001,AGE_002,F,35,,
2021-06-26,USR_001,AGE_002,M,53,,
2021-06-26,USR_001,AGE_003,F,27,,
2021-06-26,USR_001,AGE_003,M,44,,
2021-06-26,USR_001,AGE_004,F,21,,
2021-06-26,USR_001,AGE_004,M,35,,
2021-06-26,USR_001,AGE_005,F,9,,
2021-06-26,USR_001,AGE_005,M,18,,
2021-06-26,USR_001,AGE_006,F,1,,
2021-06-26,USR_001,AGE_006,M,7,,
2021-06-26,USR_001,AGE_007,F,1,,
2021-06-26,USR_001,AGE_008,F,1544,,
2021-06-26,USR_001,AGE_008,M,1713,,
2021-06-27,USR_001,AGE_001,F,8,,
2021-06-27,USR_001,AGE_001,M,13,,
2021-06-27,USR_001,AGE_002,F,35,,
2021-06-27,USR_001,AGE_002,M,30,,
2021-06-27,USR_001,AGE_003,F,33,,
2021-06-27,USR_001,AGE_003,M,32,,
2021-06-27,USR_001,AGE_004,F,30,,
2021-06-27,USR_001,AGE_004,M,34,,
2021-06-27,USR_001,AGE_005,F,13,,
2021-06-27,USR_001,AGE_005,M,15,,
2021-06-27,USR_001,AGE_006,M,21,,
2021-06-27,USR_001,AGE_007,M,3,,
2021-06-27,USR_001,AGE_008,F,1413,,
2021-06-27,USR_001,AGE_008,M,1691,,
2021-06-28,USR_001,AGE_001,F,6,,
2021-06-28,USR_001,AGE_001,M,4,,
2021-06-28,USR_001,AGE_002,F,24,,
2021-06-28,USR_001,AGE_002,M,25,,
2021-06-28,USR_001,AGE_003,F,20,,
2021-06-28,USR_001,AGE_003,M,24,,
2021-06-28,USR_001,AGE_004,F,14,,
2021-06-28,USR_001,AGE_004,M,34,,
2021-06-28,USR_001,AGE_005,F,3,,
2021-06-28,USR_001,AGE_005,M,4,,
2021-06-28,USR_001,AGE_006,M,3,,
2021-06-28,USR_001,AGE_007,F,1,,
2021-06-28,USR_001,AGE_008,F,759,,
2021-06-28,USR_001,AGE_008,M,883,,
2021-06-29,USR_001,AGE_001,F,3,,
2021-06-29,USR_001,AGE_001,M,3,,
2021-06-29,USR_001,AGE_002,F,28,,
2021-06-29,USR_001,AGE_002,M,18,,
2021-06-29,USR_001,AGE_003,F,20,,
2021-06-29,USR_001,AGE_003,M,19,,
2021-06-29,USR_001,AGE_004,F,18,,
2021-06-29,USR_001,AGE_004,M,19,,
2021-06-29,USR_001,AGE_005,F,5,,
2021-06-29,USR_001,AGE_005,M,14,,
2021-06-29,USR_001,AGE_006,M,11,,
2021-06-29,USR_001,AGE_007,M,1,,
2021-06-29,USR_001,AGE_008,F,702,,
2021-06-29,USR_001,AGE_008,M,826,,
2021-06-30,USR_001,AGE_001,F,5,,
2021-06-30,USR_001,AGE_001,M,9,,
2021-06-30,USR_001,AGE_002,F,25,,
2021-06-30,USR_001,AGE_002,M,25,,
2021-06-30,USR_001,AGE_003,F,18,,
2021-06-30,USR_001,AGE_003,M,21,,
2021-06-30,USR_001,AGE_004,F,10,,
2021-06-30,USR_001,AGE_004,M,19,,
2021-06-30,USR_001,AGE_005,F,7,,
2021-06-30,USR_001,AGE_005,M,7,,
2021-06-30,USR_001,AGE_006,F,2,,
2021-06-30,USR_001,AGE_006,M,4,,
2021-06-30,USR_001,AGE_008,F,730,,
2021-06-30,USR_001,AGE_008,M,902,,
